sim_id	query_name	thread_id	thread_type	order_id	number_of_results	runtime	flag	correct
Flu_N3_64_Ont_Def_3	queries/xzaom	1.0	warmup	1.0	-1.0	1200.0	TIMEOUT	INCORRECT
Flu_N3_64_Ont_Def_3	queries/xmt	1.0	warmup	2.0	-1.0	1200.0	TIMEOUT	INCORRECT
Flu_N3_64_Ont_Def_3	queries/xam	1.0	warmup	3.0	-1.0	1200.0	TIMEOUT	INCORRECT
Flu_N3_64_Ont_Def_3	queries/xci	1.0	warmup	4.0	-1.0	1200.0	TIMEOUT	INCORRECT
Flu_N3_64_Ont_Def_3	queries/xzafu	1.0	warmup	5.0	-1.0	1200.0	TIMEOUT	INCORRECT
Flu_N3_64_Ont_Def_3	queries/xzaew	1.0	warmup	6.0	-1.0	1200.0	TIMEOUT	INCORRECT
Flu_N3_64_Ont_Def_3	queries/xbg	1.0	warmup	7.0	-1.0	1200.0	TIMEOUT	INCORRECT
Flu_N3_64_Ont_Def_3	queries/xhl	1.0	warmup	8.0	-1.0	1200.0	TIMEOUT	INCORRECT
Flu_N3_64_Ont_Def_3	queries/xzalg	1.0	warmup	9.0	-1.0	1200.0	TIMEOUT	INCORRECT
Flu_N3_64_Ont_Def_3	queries/xna	1.0	warmup	10.0	-1.0	1200.0	TIMEOUT	INCORRECT
Flu_N3_64_Ont_Def_3	queries/xzacb	1.0	warmup	11.0	-1.0	1200.0	TIMEOUT	INCORRECT
Flu_N3_64_Ont_Def_3	queries/xkx	1.0	warmup	12.0	-1.0	1200.0	TIMEOUT	INCORRECT
Flu_N3_64_Ont_Def_3	queries/xzadx	1.0	warmup	13.0	-1.0	1200.0	TIMEOUT	INCORRECT
Flu_N3_64_Ont_Def_3	queries/xts	1.0	warmup	14.0	-1.0	1200.0	TIMEOUT	INCORRECT
Flu_N3_64_Ont_Def_3	queries/xzaum	1.0	warmup	15.0	-1.0	1200.0	TIMEOUT	INCORRECT
Flu_N3_64_Ont_Def_3	queries/xzakd	1.0	warmup	16.0	-1.0	1200.0	TIMEOUT	INCORRECT
Flu_N3_64_Ont_Def_3	queries/xzaad	1.0	warmup	17.0	-1.0	1200.0	TIMEOUT	INCORRECT
Flu_N3_64_Ont_Def_3	queries/xju	1.0	warmup	18.0	-1.0	1200.0	TIMEOUT	INCORRECT
Flu_N3_64_Ont_Def_3	queries/xrw	1.0	warmup	19.0	-1.0	1200.0	TIMEOUT	INCORRECT
Flu_N3_64_Ont_Def_3	queries/xgg	1.0	warmup	20.0	-1.0	1200.0	TIMEOUT	INCORRECT
Flu_N3_64_Ont_Def_3	queries/xzaee	1.0	warmup	21.0	-1.0	1200.0	TIMEOUT	INCORRECT
Flu_N3_64_Ont_Def_3	queries/xxh	1.0	warmup	22.0	-1.0	1200.0	TIMEOUT	INCORRECT
Flu_N3_64_Ont_Def_3	queries/xnc	1.0	warmup	23.0	-1.0	1200.0	TIMEOUT	INCORRECT
Flu_N3_64_Ont_Def_3	queries/xnh	1.0	warmup	24.0	-1.0	1200.0	TIMEOUT	INCORRECT
Flu_N3_64_Ont_Def_3	queries/xyw	1.0	warmup	25.0	-1.0	1200.0	TIMEOUT	INCORRECT
Flu_N3_64_Ont_Def_3	queries/xzank	1.0	warmup	26.0	-1.0	1200.0	TIMEOUT	INCORRECT
Flu_N3_64_Ont_Def_3	queries/xpt	1.0	warmup	27.0	-1.0	1200.0	TIMEOUT	INCORRECT
Flu_N3_64_Ont_Def_3	queries/xzahk	1.0	warmup	28.0	-1.0	1200.0	TIMEOUT	INCORRECT
Flu_N3_64_Ont_Def_3	queries/xzapc	1.0	warmup	29.0	-1.0	1200.0	TIMEOUT	INCORRECT
Flu_N3_64_Ont_Def_3	queries/xzaph	1.0	warmup	30.0	-1.0	1200.0	TIMEOUT	INCORRECT
Flu_N3_64_Ont_Def_3	queries/xps	1.0	warmup	31.0	-1.0	1200.0	TIMEOUT	INCORRECT
Flu_N3_64_Ont_Def_3	queries/xbb	1.0	warmup	32.0	-1.0	1200.0	TIMEOUT	INCORRECT
Flu_N3_64_Ont_Def_3	queries/xzaga	1.0	warmup	33.0	-1.0	1200.0	TIMEOUT	INCORRECT
Flu_N3_64_Ont_Def_3	queries/xqi	1.0	warmup	34.0	-1.0	1200.0	TIMEOUT	INCORRECT
Flu_N3_64_Ont_Def_3	queries/xap	1.0	warmup	35.0	-1.0	1200.0	TIMEOUT	INCORRECT
Flu_N3_64_Ont_Def_3	queries/xio	1.0	warmup	36.0	-1.0	1200.0	TIMEOUT	INCORRECT
Flu_N3_64_Ont_Def_3	queries/xgi	1.0	warmup	37.0	-1.0	1200.0	TIMEOUT	INCORRECT
Flu_N3_64_Ont_Def_3	queries/xzakl	1.0	warmup	38.0	-1.0	1200.0	TIMEOUT	INCORRECT
Flu_N3_64_Ont_Def_3	queries/xzaks	1.0	warmup	39.0	-1.0	1200.0	TIMEOUT	INCORRECT
Flu_N3_64_Ont_Def_3	queries/xzars	1.0	warmup	40.0	-1.0	1200.0	TIMEOUT	INCORRECT
Flu_N3_64_Ont_Def_3	queries/xgq	1.0	warmup	41.0	-1.0	1200.0	TIMEOUT	INCORRECT
Flu_N3_64_Ont_Def_3	queries/xis	1.0	warmup	42.0	-1.0	1200.0	TIMEOUT	INCORRECT
Flu_N3_64_Ont_Def_3	queries/xur	1.0	warmup	43.0	-1.0	1200.0	TIMEOUT	INCORRECT
Flu_N3_64_Ont_Def_3	queries/xau	1.0	warmup	44.0	-1.0	1200.0	TIMEOUT	INCORRECT
Flu_N3_64_Ont_Def_3	queries/xyb	1.0	warmup	45.0	-1.0	1200.0	TIMEOUT	INCORRECT
Flu_N3_64_Ont_Def_3	queries/xzafg	1.0	warmup	46.0	-1.0	1200.0	TIMEOUT	INCORRECT
Flu_N3_64_Ont_Def_3	queries/xyz	1.0	warmup	47.0	-1.0	1200.0	TIMEOUT	INCORRECT
Flu_N3_64_Ont_Def_3	queries/xzacw	1.0	warmup	48.0	-1.0	1200.0	TIMEOUT	INCORRECT
Flu_N3_64_Ont_Def_3	queries/xzaln	1.0	warmup	49.0	-1.0	1200.0	TIMEOUT	INCORRECT
Flu_N3_64_Ont_Def_3	queries/xat	1.0	warmup	50.0	-1.0	1200.0	TIMEOUT	INCORRECT
Flu_N3_64_Ont_Def_3	queries/xzafs	1.0	warmup	51.0	-1.0	1200.0	TIMEOUT	INCORRECT
Flu_N3_64_Ont_Def_3	queries/xpk	1.0	warmup	52.0	-1.0	1200.0	TIMEOUT	INCORRECT
Flu_N3_64_Ont_Def_3	queries/xzakv	1.0	warmup	53.0	-1.0	1200.0	TIMEOUT	INCORRECT
Flu_N3_64_Ont_Def_3	queries/xtu	1.0	warmup	54.0	-1.0	1200.0	TIMEOUT	INCORRECT
Flu_N3_64_Ont_Def_3	queries/xue	1.0	warmup	55.0	-1.0	1200.0	TIMEOUT	INCORRECT
Flu_N3_64_Ont_Def_3	queries/xtt	1.0	warmup	56.0	-1.0	1200.0	TIMEOUT	INCORRECT
Flu_N3_64_Ont_Def_3	queries/xdh	1.0	warmup	57.0	-1.0	1200.0	TIMEOUT	INCORRECT
Flu_N3_64_Ont_Def_3	queries/xzaqa	1.0	warmup	58.0	-1.0	1200.0	TIMEOUT	INCORRECT
Flu_N3_64_Ont_Def_3	queries/xwh	1.0	warmup	59.0	-1.0	1200.0	TIMEOUT	INCORRECT
Flu_N3_64_Ont_Def_3	queries/xkq	1.0	warmup	60.0	-1.0	1200.0	TIMEOUT	INCORRECT
Flu_N3_64_Ont_Def_3	queries/xif	1.0	warmup	61.0	-1.0	1200.0	TIMEOUT	INCORRECT
Flu_N3_64_Ont_Def_3	queries/xzarc	1.0	warmup	62.0	-1.0	1200.0	TIMEOUT	INCORRECT
Flu_N3_64_Ont_Def_3	queries/xzahl	1.0	warmup	63.0	-1.0	1200.0	TIMEOUT	INCORRECT
Flu_N3_64_Ont_Def_3	queries/xsd	1.0	warmup	64.0	-1.0	1200.0	TIMEOUT	INCORRECT
Flu_N3_64_Ont_Def_3	queries/xij	1.0	warmup	65.0	-1.0	1200.0	TIMEOUT	INCORRECT
Flu_N3_64_Ont_Def_3	queries/xxu	1.0	warmup	66.0	-1.0	1200.0	TIMEOUT	INCORRECT
Flu_N3_64_Ont_Def_3	queries/xzarp	1.0	warmup	67.0	-1.0	1200.0	TIMEOUT	INCORRECT
Flu_N3_64_Ont_Def_3	queries/xuu	1.0	warmup	68.0	-1.0	1200.0	TIMEOUT	INCORRECT
Flu_N3_64_Ont_Def_3	queries/xzana	1.0	warmup	69.0	-1.0	1200.0	TIMEOUT	INCORRECT
Flu_N3_64_Ont_Def_3	queries/xzabl	1.0	warmup	70.0	-1.0	1200.0	TIMEOUT	INCORRECT
Flu_N3_64_Ont_Def_3	queries/xem	1.0	warmup	71.0	-1.0	1200.0	TIMEOUT	INCORRECT
Flu_N3_64_Ont_Def_3	queries/xzafk	1.0	warmup	72.0	-1.0	1200.0	TIMEOUT	INCORRECT
Flu_N3_64_Ont_Def_3	queries/xru	1.0	warmup	73.0	-1.0	1200.0	TIMEOUT	INCORRECT
Flu_N3_64_Ont_Def_3	queries/xvf	1.0	warmup	74.0	-1.0	1200.0	TIMEOUT	INCORRECT
Flu_N3_64_Ont_Def_3	queries/xad	1.0	warmup	75.0	-1.0	1200.0	TIMEOUT	INCORRECT
Flu_N3_64_Ont_Def_3	queries/xqm	1.0	warmup	76.0	-1.0	1200.0	TIMEOUT	INCORRECT
Flu_N3_64_Ont_Def_3	queries/xzamn	1.0	warmup	77.0	-1.0	1200.0	TIMEOUT	INCORRECT
Flu_N3_64_Ont_Def_3	queries/xjf	1.0	warmup	78.0	-1.0	1200.0	TIMEOUT	INCORRECT
Flu_N3_64_Ont_Def_3	queries/xzauz	1.0	warmup	79.0	-1.0	1200.0	TIMEOUT	INCORRECT
Flu_N3_64_Ont_Def_3	queries/xls	1.0	warmup	80.0	-1.0	1200.0	TIMEOUT	INCORRECT
Flu_N3_64_Ont_Def_3	queries/xyq	1.0	warmup	81.0	-1.0	1200.0	TIMEOUT	INCORRECT
Flu_N3_64_Ont_Def_3	queries/xvn	1.0	warmup	82.0	-1.0	1200.0	TIMEOUT	INCORRECT
Flu_N3_64_Ont_Def_3	queries/xrc	1.0	warmup	83.0	-1.0	1200.0	TIMEOUT	INCORRECT
Flu_N3_64_Ont_Def_3	queries/xzarz	1.0	warmup	84.0	-1.0	1200.0	TIMEOUT	INCORRECT
Flu_N3_64_Ont_Def_3	queries/xzalw	1.0	warmup	85.0	-1.0	1200.0	TIMEOUT	INCORRECT
Flu_N3_64_Ont_Def_3	queries/xzalo	1.0	warmup	86.0	-1.0	1200.0	TIMEOUT	INCORRECT
Flu_N3_64_Ont_Def_3	queries/xzady	1.0	warmup	87.0	-1.0	1200.0	TIMEOUT	INCORRECT
Flu_N3_64_Ont_Def_3	queries/xdt	1.0	warmup	88.0	-1.0	1200.0	TIMEOUT	INCORRECT
Flu_N3_64_Ont_Def_3	queries/xzapg	1.0	warmup	89.0	-1.0	1200.0	TIMEOUT	INCORRECT
Flu_N3_64_Ont_Def_3	queries/xfb	1.0	warmup	90.0	-1.0	1200.0	TIMEOUT	INCORRECT
Flu_N3_64_Ont_Def_3	queries/xog	1.0	warmup	91.0	-1.0	1200.0	TIMEOUT	INCORRECT
Flu_N3_64_Ont_Def_3	queries/xzaqr	1.0	warmup	92.0	-1.0	1200.0	TIMEOUT	INCORRECT
Flu_N3_64_Ont_Def_3	queries/xqg	1.0	warmup	93.0	-1.0	1200.0	TIMEOUT	INCORRECT
Flu_N3_64_Ont_Def_3	queries/xzaht	1.0	warmup	94.0	-1.0	1200.0	TIMEOUT	INCORRECT
Flu_N3_64_Ont_Def_3	queries/xld	1.0	warmup	95.0	-1.0	1200.0	TIMEOUT	INCORRECT
Flu_N3_64_Ont_Def_3	queries/xgv	1.0	warmup	96.0	-1.0	1200.0	TIMEOUT	INCORRECT
Flu_N3_64_Ont_Def_3	queries/xzauw	1.0	warmup	97.0	-1.0	1200.0	TIMEOUT	INCORRECT
Flu_N3_64_Ont_Def_3	queries/xws	1.0	warmup	98.0	-1.0	1200.0	TIMEOUT	INCORRECT
Flu_N3_64_Ont_Def_3	queries/xzacj	1.0	warmup	99.0	-1.0	1200.0	TIMEOUT	INCORRECT
Flu_N3_64_Ont_Def_3	queries/xpl	1.0	warmup	100.0	-1.0	1200.0	TIMEOUT	INCORRECT
Flu_N3_64_Ont_Def_3	queries/xzaup	1.0	warmup	101.0	-1.0	1200.0	TIMEOUT	INCORRECT
Flu_N3_64_Ont_Def_3	queries/xux	1.0	warmup	102.0	-1.0	1200.0	TIMEOUT	INCORRECT
Flu_N3_64_Ont_Def_3	queries/xzabr	1.0	warmup	103.0	-1.0	1200.0	TIMEOUT	INCORRECT
Flu_N3_64_Ont_Def_3	queries/xzakg	1.0	warmup	104.0	-1.0	1200.0	TIMEOUT	INCORRECT
Flu_N3_64_Ont_Def_3	queries/xzaru	1.0	warmup	105.0	-1.0	1200.0	TIMEOUT	INCORRECT
Flu_N3_64_Ont_Def_3	queries/xgn	1.0	warmup	106.0	-1.0	1200.0	TIMEOUT	INCORRECT
Flu_N3_64_Ont_Def_3	queries/xid	1.0	warmup	107.0	-1.0	1200.0	TIMEOUT	INCORRECT
Flu_N3_64_Ont_Def_3	queries/xrx	1.0	warmup	108.0	-1.0	1200.0	TIMEOUT	INCORRECT
Flu_N3_64_Ont_Def_3	queries/xas	1.0	warmup	109.0	-1.0	1200.0	TIMEOUT	INCORRECT
Flu_N3_64_Ont_Def_3	queries/xdr	1.0	warmup	110.0	-1.0	1200.0	TIMEOUT	INCORRECT
Flu_N3_64_Ont_Def_3	queries/xtc	1.0	warmup	111.0	-1.0	1200.0	TIMEOUT	INCORRECT
Flu_N3_64_Ont_Def_3	queries/xiy	1.0	warmup	112.0	-1.0	1200.0	TIMEOUT	INCORRECT
Flu_N3_64_Ont_Def_3	queries/xzaaf	1.0	warmup	113.0	-1.0	1200.0	TIMEOUT	INCORRECT
Flu_N3_64_Ont_Def_3	queries/xot	1.0	warmup	114.0	-1.0	1200.0	TIMEOUT	INCORRECT
Flu_N3_64_Ont_Def_3	queries/xti	1.0	warmup	115.0	-1.0	1200.0	TIMEOUT	INCORRECT
Flu_N3_64_Ont_Def_3	queries/xzaem	1.0	warmup	116.0	-1.0	1200.0	TIMEOUT	INCORRECT
Flu_N3_64_Ont_Def_3	queries/xzakj	1.0	warmup	117.0	-1.0	1200.0	TIMEOUT	INCORRECT
Flu_N3_64_Ont_Def_3	queries/xiw	1.0	warmup	118.0	-1.0	1200.0	TIMEOUT	INCORRECT
Flu_N3_64_Ont_Def_3	queries/xbj	1.0	warmup	119.0	-1.0	1200.0	TIMEOUT	INCORRECT
Flu_N3_64_Ont_Def_3	queries/xaw	1.0	warmup	120.0	-1.0	1200.0	TIMEOUT	INCORRECT
Flu_N3_64_Ont_Def_3	queries/xzapf	1.0	warmup	121.0	-1.0	1200.0	TIMEOUT	INCORRECT
Flu_N3_64_Ont_Def_3	queries/xtb	1.0	warmup	122.0	-1.0	1200.0	TIMEOUT	INCORRECT
Flu_N3_64_Ont_Def_3	queries/xxt	1.0	warmup	123.0	-1.0	1200.0	TIMEOUT	INCORRECT
Flu_N3_64_Ont_Def_3	queries/xzajb	1.0	warmup	124.0	-1.0	1200.0	TIMEOUT	INCORRECT
Flu_N3_64_Ont_Def_3	queries/xnv	1.0	warmup	125.0	-1.0	1200.0	TIMEOUT	INCORRECT
Flu_N3_64_Ont_Def_3	queries/xig	1.0	warmup	126.0	-1.0	1200.0	TIMEOUT	INCORRECT
Flu_N3_64_Ont_Def_3	queries/xho	1.0	warmup	127.0	-1.0	1200.0	TIMEOUT	INCORRECT
Flu_N3_64_Ont_Def_3	queries/xzaul	1.0	warmup	128.0	-1.0	1200.0	TIMEOUT	INCORRECT
Flu_N3_64_Ont_Def_3	queries/xzapu	1.0	warmup	129.0	-1.0	1200.0	TIMEOUT	INCORRECT
Flu_N3_64_Ont_Def_3	queries/xfe	1.0	warmup	130.0	-1.0	1200.0	TIMEOUT	INCORRECT
Flu_N3_64_Ont_Def_3	queries/xnz	1.0	warmup	131.0	-1.0	1200.0	TIMEOUT	INCORRECT
Flu_N3_64_Ont_Def_3	queries/xda	1.0	warmup	132.0	-1.0	1200.0	TIMEOUT	INCORRECT
	queries/xaa							INCORRECT
	queries/xab							INCORRECT
	queries/xac							INCORRECT
	queries/xae							INCORRECT
	queries/xaf							INCORRECT
	queries/xag							INCORRECT
	queries/xah							INCORRECT
	queries/xai							INCORRECT
	queries/xaj							INCORRECT
	queries/xak							INCORRECT
	queries/xal							INCORRECT
	queries/xan							INCORRECT
	queries/xao							INCORRECT
	queries/xaq							INCORRECT
	queries/xar							INCORRECT
	queries/xav							INCORRECT
	queries/xax							INCORRECT
	queries/xay							INCORRECT
	queries/xaz							INCORRECT
	queries/xba							INCORRECT
	queries/xbc							INCORRECT
	queries/xbd							INCORRECT
	queries/xbe							INCORRECT
	queries/xbf							INCORRECT
	queries/xbh							INCORRECT
	queries/xbi							INCORRECT
	queries/xbk							INCORRECT
	queries/xbl							INCORRECT
	queries/xbm							INCORRECT
	queries/xbn							INCORRECT
	queries/xbo							INCORRECT
	queries/xbp							INCORRECT
	queries/xbq							INCORRECT
	queries/xbr							INCORRECT
	queries/xbs							INCORRECT
	queries/xbt							INCORRECT
	queries/xbu							INCORRECT
	queries/xbv							INCORRECT
	queries/xbw							INCORRECT
	queries/xbx							INCORRECT
	queries/xby							INCORRECT
	queries/xbz							INCORRECT
	queries/xca							INCORRECT
	queries/xcb							INCORRECT
	queries/xcc							INCORRECT
	queries/xcd							INCORRECT
	queries/xce							INCORRECT
	queries/xcf							INCORRECT
	queries/xcg							INCORRECT
	queries/xch							INCORRECT
	queries/xcj							INCORRECT
	queries/xck							INCORRECT
	queries/xcl							INCORRECT
	queries/xcm							INCORRECT
	queries/xcn							INCORRECT
	queries/xco							INCORRECT
	queries/xcp							INCORRECT
	queries/xcq							INCORRECT
	queries/xcr							INCORRECT
	queries/xcs							INCORRECT
	queries/xct							INCORRECT
	queries/xcu							INCORRECT
	queries/xcv							INCORRECT
	queries/xcw							INCORRECT
	queries/xcx							INCORRECT
	queries/xcy							INCORRECT
	queries/xcz							INCORRECT
	queries/xdb							INCORRECT
	queries/xdc							INCORRECT
	queries/xdd							INCORRECT
	queries/xde							INCORRECT
	queries/xdf							INCORRECT
	queries/xdg							INCORRECT
	queries/xdi							INCORRECT
	queries/xdj							INCORRECT
	queries/xdk							INCORRECT
	queries/xdl							INCORRECT
	queries/xdm							INCORRECT
	queries/xdn							INCORRECT
	queries/xdo							INCORRECT
	queries/xdp							INCORRECT
	queries/xdq							INCORRECT
	queries/xds							INCORRECT
	queries/xdu							INCORRECT
	queries/xdv							INCORRECT
	queries/xdw							INCORRECT
	queries/xdx							INCORRECT
	queries/xdy							INCORRECT
	queries/xdz							INCORRECT
	queries/xea							INCORRECT
	queries/xeb							INCORRECT
	queries/xec							INCORRECT
	queries/xed							INCORRECT
	queries/xee							INCORRECT
	queries/xef							INCORRECT
	queries/xeg							INCORRECT
	queries/xeh							INCORRECT
	queries/xei							INCORRECT
	queries/xej							INCORRECT
	queries/xek							INCORRECT
	queries/xel							INCORRECT
	queries/xen							INCORRECT
	queries/xeo							INCORRECT
	queries/xep							INCORRECT
	queries/xeq							INCORRECT
	queries/xer							INCORRECT
	queries/xes							INCORRECT
	queries/xet							INCORRECT
	queries/xeu							INCORRECT
	queries/xev							INCORRECT
	queries/xew							INCORRECT
	queries/xex							INCORRECT
	queries/xey							INCORRECT
	queries/xez							INCORRECT
	queries/xfa							INCORRECT
	queries/xfc							INCORRECT
	queries/xfd							INCORRECT
	queries/xff							INCORRECT
	queries/xfg							INCORRECT
	queries/xfh							INCORRECT
	queries/xfi							INCORRECT
	queries/xfj							INCORRECT
	queries/xfk							INCORRECT
	queries/xfl							INCORRECT
	queries/xfm							INCORRECT
	queries/xfn							INCORRECT
	queries/xfo							INCORRECT
	queries/xfp							INCORRECT
	queries/xfq							INCORRECT
	queries/xfr							INCORRECT
	queries/xfs							INCORRECT
	queries/xft							INCORRECT
	queries/xfu							INCORRECT
	queries/xfv							INCORRECT
	queries/xfw							INCORRECT
	queries/xfx							INCORRECT
	queries/xfy							INCORRECT
	queries/xfz							INCORRECT
	queries/xga							INCORRECT
	queries/xgb							INCORRECT
	queries/xgc							INCORRECT
	queries/xgd							INCORRECT
	queries/xge							INCORRECT
	queries/xgf							INCORRECT
	queries/xgh							INCORRECT
	queries/xgj							INCORRECT
	queries/xgk							INCORRECT
	queries/xgl							INCORRECT
	queries/xgm							INCORRECT
	queries/xgo							INCORRECT
	queries/xgp							INCORRECT
	queries/xgr							INCORRECT
	queries/xgs							INCORRECT
	queries/xgt							INCORRECT
	queries/xgu							INCORRECT
	queries/xgw							INCORRECT
	queries/xgx							INCORRECT
	queries/xgy							INCORRECT
	queries/xgz							INCORRECT
	queries/xha							INCORRECT
	queries/xhb							INCORRECT
	queries/xhc							INCORRECT
	queries/xhd							INCORRECT
	queries/xhe							INCORRECT
	queries/xhf							INCORRECT
	queries/xhg							INCORRECT
	queries/xhh							INCORRECT
	queries/xhi							INCORRECT
	queries/xhj							INCORRECT
	queries/xhk							INCORRECT
	queries/xhm							INCORRECT
	queries/xhn							INCORRECT
	queries/xhp							INCORRECT
	queries/xhq							INCORRECT
	queries/xhr							INCORRECT
	queries/xhs							INCORRECT
	queries/xht							INCORRECT
	queries/xhu							INCORRECT
	queries/xhv							INCORRECT
	queries/xhw							INCORRECT
	queries/xhx							INCORRECT
	queries/xhy							INCORRECT
	queries/xhz							INCORRECT
	queries/xia							INCORRECT
	queries/xib							INCORRECT
	queries/xic							INCORRECT
	queries/xie							INCORRECT
	queries/xih							INCORRECT
	queries/xii							INCORRECT
	queries/xik							INCORRECT
	queries/xil							INCORRECT
	queries/xim							INCORRECT
	queries/xin							INCORRECT
	queries/xip							INCORRECT
	queries/xiq							INCORRECT
	queries/xir							INCORRECT
	queries/xit							INCORRECT
	queries/xiu							INCORRECT
	queries/xiv							INCORRECT
	queries/xix							INCORRECT
	queries/xiz							INCORRECT
	queries/xja							INCORRECT
	queries/xjb							INCORRECT
	queries/xjc							INCORRECT
	queries/xjd							INCORRECT
	queries/xje							INCORRECT
	queries/xjg							INCORRECT
	queries/xjh							INCORRECT
	queries/xji							INCORRECT
	queries/xjj							INCORRECT
	queries/xjk							INCORRECT
	queries/xjl							INCORRECT
	queries/xjm							INCORRECT
	queries/xjn							INCORRECT
	queries/xjo							INCORRECT
	queries/xjp							INCORRECT
	queries/xjq							INCORRECT
	queries/xjr							INCORRECT
	queries/xjs							INCORRECT
	queries/xjt							INCORRECT
	queries/xjv							INCORRECT
	queries/xjw							INCORRECT
	queries/xjx							INCORRECT
	queries/xjy							INCORRECT
	queries/xjz							INCORRECT
	queries/xka							INCORRECT
	queries/xkb							INCORRECT
	queries/xkc							INCORRECT
	queries/xkd							INCORRECT
	queries/xke							INCORRECT
	queries/xkf							INCORRECT
	queries/xkg							INCORRECT
	queries/xkh							INCORRECT
	queries/xki							INCORRECT
	queries/xkj							INCORRECT
	queries/xkk							INCORRECT
	queries/xkl							INCORRECT
	queries/xkm							INCORRECT
	queries/xkn							INCORRECT
	queries/xko							INCORRECT
	queries/xkp							INCORRECT
	queries/xkr							INCORRECT
	queries/xks							INCORRECT
	queries/xkt							INCORRECT
	queries/xku							INCORRECT
	queries/xkv							INCORRECT
	queries/xkw							INCORRECT
	queries/xky							INCORRECT
	queries/xkz							INCORRECT
	queries/xla							INCORRECT
	queries/xlb							INCORRECT
	queries/xlc							INCORRECT
	queries/xle							INCORRECT
	queries/xlf							INCORRECT
	queries/xlg							INCORRECT
	queries/xlh							INCORRECT
	queries/xli							INCORRECT
	queries/xlj							INCORRECT
	queries/xlk							INCORRECT
	queries/xll							INCORRECT
	queries/xlm							INCORRECT
	queries/xln							INCORRECT
	queries/xlo							INCORRECT
	queries/xlp							INCORRECT
	queries/xlq							INCORRECT
	queries/xlr							INCORRECT
	queries/xlt							INCORRECT
	queries/xlu							INCORRECT
	queries/xlv							INCORRECT
	queries/xlw							INCORRECT
	queries/xlx							INCORRECT
	queries/xly							INCORRECT
	queries/xlz							INCORRECT
	queries/xma							INCORRECT
	queries/xmb							INCORRECT
	queries/xmc							INCORRECT
	queries/xmd							INCORRECT
	queries/xme							INCORRECT
	queries/xmf							INCORRECT
	queries/xmg							INCORRECT
	queries/xmh							INCORRECT
	queries/xmi							INCORRECT
	queries/xmj							INCORRECT
	queries/xmk							INCORRECT
	queries/xml							INCORRECT
	queries/xmm							INCORRECT
	queries/xmn							INCORRECT
	queries/xmo							INCORRECT
	queries/xmp							INCORRECT
	queries/xmq							INCORRECT
	queries/xmr							INCORRECT
	queries/xms							INCORRECT
	queries/xmu							INCORRECT
	queries/xmv							INCORRECT
	queries/xmw							INCORRECT
	queries/xmx							INCORRECT
	queries/xmy							INCORRECT
	queries/xmz							INCORRECT
	queries/xnb							INCORRECT
	queries/xnd							INCORRECT
	queries/xne							INCORRECT
	queries/xnf							INCORRECT
	queries/xng							INCORRECT
	queries/xni							INCORRECT
	queries/xnj							INCORRECT
	queries/xnk							INCORRECT
	queries/xnl							INCORRECT
	queries/xnm							INCORRECT
	queries/xnn							INCORRECT
	queries/xno							INCORRECT
	queries/xnp							INCORRECT
	queries/xnq							INCORRECT
	queries/xnr							INCORRECT
	queries/xns							INCORRECT
	queries/xnt							INCORRECT
	queries/xnu							INCORRECT
	queries/xnw							INCORRECT
	queries/xnx							INCORRECT
	queries/xny							INCORRECT
	queries/xoa							INCORRECT
	queries/xob							INCORRECT
	queries/xoc							INCORRECT
	queries/xod							INCORRECT
	queries/xoe							INCORRECT
	queries/xof							INCORRECT
	queries/xoh							INCORRECT
	queries/xoi							INCORRECT
	queries/xoj							INCORRECT
	queries/xok							INCORRECT
	queries/xol							INCORRECT
	queries/xom							INCORRECT
	queries/xon							INCORRECT
	queries/xoo							INCORRECT
	queries/xop							INCORRECT
	queries/xoq							INCORRECT
	queries/xor							INCORRECT
	queries/xos							INCORRECT
	queries/xou							INCORRECT
	queries/xov							INCORRECT
	queries/xow							INCORRECT
	queries/xox							INCORRECT
	queries/xoy							INCORRECT
	queries/xoz							INCORRECT
	queries/xpa							INCORRECT
	queries/xpb							INCORRECT
	queries/xpc							INCORRECT
	queries/xpd							INCORRECT
	queries/xpe							INCORRECT
	queries/xpf							INCORRECT
	queries/xpg							INCORRECT
	queries/xph							INCORRECT
	queries/xpi							INCORRECT
	queries/xpj							INCORRECT
	queries/xpm							INCORRECT
	queries/xpn							INCORRECT
	queries/xpo							INCORRECT
	queries/xpp							INCORRECT
	queries/xpq							INCORRECT
	queries/xpr							INCORRECT
	queries/xpu							INCORRECT
	queries/xpv							INCORRECT
	queries/xpw							INCORRECT
	queries/xpx							INCORRECT
	queries/xpy							INCORRECT
	queries/xpz							INCORRECT
	queries/xqa							INCORRECT
	queries/xqb							INCORRECT
	queries/xqc							INCORRECT
	queries/xqd							INCORRECT
	queries/xqe							INCORRECT
	queries/xqf							INCORRECT
	queries/xqh							INCORRECT
	queries/xqj							INCORRECT
	queries/xqk							INCORRECT
	queries/xql							INCORRECT
	queries/xqn							INCORRECT
	queries/xqo							INCORRECT
	queries/xqp							INCORRECT
	queries/xqq							INCORRECT
	queries/xqr							INCORRECT
	queries/xqs							INCORRECT
	queries/xqt							INCORRECT
	queries/xqu							INCORRECT
	queries/xqv							INCORRECT
	queries/xqw							INCORRECT
	queries/xqx							INCORRECT
	queries/xqy							INCORRECT
	queries/xqz							INCORRECT
	queries/xra							INCORRECT
	queries/xrb							INCORRECT
	queries/xrd							INCORRECT
	queries/xre							INCORRECT
	queries/xrf							INCORRECT
	queries/xrg							INCORRECT
	queries/xrh							INCORRECT
	queries/xri							INCORRECT
	queries/xrj							INCORRECT
	queries/xrk							INCORRECT
	queries/xrl							INCORRECT
	queries/xrm							INCORRECT
	queries/xrn							INCORRECT
	queries/xro							INCORRECT
	queries/xrp							INCORRECT
	queries/xrq							INCORRECT
	queries/xrr							INCORRECT
	queries/xrs							INCORRECT
	queries/xrt							INCORRECT
	queries/xrv							INCORRECT
	queries/xry							INCORRECT
	queries/xrz							INCORRECT
	queries/xsa							INCORRECT
	queries/xsb							INCORRECT
	queries/xsc							INCORRECT
	queries/xse							INCORRECT
	queries/xsf							INCORRECT
	queries/xsg							INCORRECT
	queries/xsh							INCORRECT
	queries/xsi							INCORRECT
	queries/xsj							INCORRECT
	queries/xsk							INCORRECT
	queries/xsl							INCORRECT
	queries/xsm							INCORRECT
	queries/xsn							INCORRECT
	queries/xso							INCORRECT
	queries/xsp							INCORRECT
	queries/xsq							INCORRECT
	queries/xsr							INCORRECT
	queries/xss							INCORRECT
	queries/xst							INCORRECT
	queries/xsu							INCORRECT
	queries/xsv							INCORRECT
	queries/xsw							INCORRECT
	queries/xsx							INCORRECT
	queries/xsy							INCORRECT
	queries/xsz							INCORRECT
	queries/xta							INCORRECT
	queries/xtd							INCORRECT
	queries/xte							INCORRECT
	queries/xtf							INCORRECT
	queries/xtg							INCORRECT
	queries/xth							INCORRECT
	queries/xtj							INCORRECT
	queries/xtk							INCORRECT
	queries/xtl							INCORRECT
	queries/xtm							INCORRECT
	queries/xtn							INCORRECT
	queries/xto							INCORRECT
	queries/xtp							INCORRECT
	queries/xtq							INCORRECT
	queries/xtr							INCORRECT
	queries/xtv							INCORRECT
	queries/xtw							INCORRECT
	queries/xtx							INCORRECT
	queries/xty							INCORRECT
	queries/xtz							INCORRECT
	queries/xua							INCORRECT
	queries/xub							INCORRECT
	queries/xuc							INCORRECT
	queries/xud							INCORRECT
	queries/xuf							INCORRECT
	queries/xug							INCORRECT
	queries/xuh							INCORRECT
	queries/xui							INCORRECT
	queries/xuj							INCORRECT
	queries/xuk							INCORRECT
	queries/xul							INCORRECT
	queries/xum							INCORRECT
	queries/xun							INCORRECT
	queries/xuo							INCORRECT
	queries/xup							INCORRECT
	queries/xuq							INCORRECT
	queries/xus							INCORRECT
	queries/xut							INCORRECT
	queries/xuv							INCORRECT
	queries/xuw							INCORRECT
	queries/xuy							INCORRECT
	queries/xuz							INCORRECT
	queries/xva							INCORRECT
	queries/xvb							INCORRECT
	queries/xvc							INCORRECT
	queries/xvd							INCORRECT
	queries/xve							INCORRECT
	queries/xvg							INCORRECT
	queries/xvh							INCORRECT
	queries/xvi							INCORRECT
	queries/xvj							INCORRECT
	queries/xvk							INCORRECT
	queries/xvl							INCORRECT
	queries/xvm							INCORRECT
	queries/xvo							INCORRECT
	queries/xvp							INCORRECT
	queries/xvq							INCORRECT
	queries/xvr							INCORRECT
	queries/xvs							INCORRECT
	queries/xvt							INCORRECT
	queries/xvu							INCORRECT
	queries/xvv							INCORRECT
	queries/xvw							INCORRECT
	queries/xvx							INCORRECT
	queries/xvy							INCORRECT
	queries/xvz							INCORRECT
	queries/xwa							INCORRECT
	queries/xwb							INCORRECT
	queries/xwc							INCORRECT
	queries/xwd							INCORRECT
	queries/xwe							INCORRECT
	queries/xwf							INCORRECT
	queries/xwg							INCORRECT
	queries/xwi							INCORRECT
	queries/xwj							INCORRECT
	queries/xwk							INCORRECT
	queries/xwl							INCORRECT
	queries/xwm							INCORRECT
	queries/xwn							INCORRECT
	queries/xwo							INCORRECT
	queries/xwp							INCORRECT
	queries/xwq							INCORRECT
	queries/xwr							INCORRECT
	queries/xwt							INCORRECT
	queries/xwu							INCORRECT
	queries/xwv							INCORRECT
	queries/xww							INCORRECT
	queries/xwx							INCORRECT
	queries/xwy							INCORRECT
	queries/xwz							INCORRECT
	queries/xxa							INCORRECT
	queries/xxb							INCORRECT
	queries/xxc							INCORRECT
	queries/xxd							INCORRECT
	queries/xxe							INCORRECT
	queries/xxf							INCORRECT
	queries/xxg							INCORRECT
	queries/xxi							INCORRECT
	queries/xxj							INCORRECT
	queries/xxk							INCORRECT
	queries/xxl							INCORRECT
	queries/xxm							INCORRECT
	queries/xxn							INCORRECT
	queries/xxo							INCORRECT
	queries/xxp							INCORRECT
	queries/xxq							INCORRECT
	queries/xxr							INCORRECT
	queries/xxs							INCORRECT
	queries/xxv							INCORRECT
	queries/xxw							INCORRECT
	queries/xxx							INCORRECT
	queries/xxy							INCORRECT
	queries/xxz							INCORRECT
	queries/xya							INCORRECT
	queries/xyc							INCORRECT
	queries/xyd							INCORRECT
	queries/xye							INCORRECT
	queries/xyf							INCORRECT
	queries/xyg							INCORRECT
	queries/xyh							INCORRECT
	queries/xyi							INCORRECT
	queries/xyj							INCORRECT
	queries/xyk							INCORRECT
	queries/xyl							INCORRECT
	queries/xym							INCORRECT
	queries/xyn							INCORRECT
	queries/xyo							INCORRECT
	queries/xyp							INCORRECT
	queries/xyr							INCORRECT
	queries/xys							INCORRECT
	queries/xyt							INCORRECT
	queries/xyu							INCORRECT
	queries/xyv							INCORRECT
	queries/xyx							INCORRECT
	queries/xyy							INCORRECT
	queries/xzaaa							INCORRECT
	queries/xzaab							INCORRECT
	queries/xzaac							INCORRECT
	queries/xzaae							INCORRECT
	queries/xzaag							INCORRECT
	queries/xzaah							INCORRECT
	queries/xzaai							INCORRECT
	queries/xzaaj							INCORRECT
	queries/xzaak							INCORRECT
	queries/xzaal							INCORRECT
	queries/xzaam							INCORRECT
	queries/xzaan							INCORRECT
	queries/xzaao							INCORRECT
	queries/xzaap							INCORRECT
	queries/xzaaq							INCORRECT
	queries/xzaar							INCORRECT
	queries/xzaas							INCORRECT
	queries/xzaat							INCORRECT
	queries/xzaau							INCORRECT
	queries/xzaav							INCORRECT
	queries/xzaaw							INCORRECT
	queries/xzaax							INCORRECT
	queries/xzaay							INCORRECT
	queries/xzaaz							INCORRECT
	queries/xzaba							INCORRECT
	queries/xzabb							INCORRECT
	queries/xzabc							INCORRECT
	queries/xzabd							INCORRECT
	queries/xzabe							INCORRECT
	queries/xzabf							INCORRECT
	queries/xzabg							INCORRECT
	queries/xzabh							INCORRECT
	queries/xzabi							INCORRECT
	queries/xzabj							INCORRECT
	queries/xzabk							INCORRECT
	queries/xzabm							INCORRECT
	queries/xzabn							INCORRECT
	queries/xzabo							INCORRECT
	queries/xzabp							INCORRECT
	queries/xzabq							INCORRECT
	queries/xzabs							INCORRECT
	queries/xzabt							INCORRECT
	queries/xzabu							INCORRECT
	queries/xzabv							INCORRECT
	queries/xzabw							INCORRECT
	queries/xzabx							INCORRECT
	queries/xzaby							INCORRECT
	queries/xzabz							INCORRECT
	queries/xzaca							INCORRECT
	queries/xzacc							INCORRECT
	queries/xzacd							INCORRECT
	queries/xzace							INCORRECT
	queries/xzacf							INCORRECT
	queries/xzacg							INCORRECT
	queries/xzach							INCORRECT
	queries/xzaci							INCORRECT
	queries/xzack							INCORRECT
	queries/xzacl							INCORRECT
	queries/xzacm							INCORRECT
	queries/xzacn							INCORRECT
	queries/xzaco							INCORRECT
	queries/xzacp							INCORRECT
	queries/xzacq							INCORRECT
	queries/xzacr							INCORRECT
	queries/xzacs							INCORRECT
	queries/xzact							INCORRECT
	queries/xzacu							INCORRECT
	queries/xzacv							INCORRECT
	queries/xzacx							INCORRECT
	queries/xzacy							INCORRECT
	queries/xzacz							INCORRECT
	queries/xzada							INCORRECT
	queries/xzadb							INCORRECT
	queries/xzadc							INCORRECT
	queries/xzadd							INCORRECT
	queries/xzade							INCORRECT
	queries/xzadf							INCORRECT
	queries/xzadg							INCORRECT
	queries/xzadh							INCORRECT
	queries/xzadi							INCORRECT
	queries/xzadj							INCORRECT
	queries/xzadk							INCORRECT
	queries/xzadl							INCORRECT
	queries/xzadm							INCORRECT
	queries/xzadn							INCORRECT
	queries/xzado							INCORRECT
	queries/xzadp							INCORRECT
	queries/xzadq							INCORRECT
	queries/xzadr							INCORRECT
	queries/xzads							INCORRECT
	queries/xzadt							INCORRECT
	queries/xzadu							INCORRECT
	queries/xzadv							INCORRECT
	queries/xzadw							INCORRECT
	queries/xzadz							INCORRECT
	queries/xzaea							INCORRECT
	queries/xzaeb							INCORRECT
	queries/xzaec							INCORRECT
	queries/xzaed							INCORRECT
	queries/xzaef							INCORRECT
	queries/xzaeg							INCORRECT
	queries/xzaeh							INCORRECT
	queries/xzaei							INCORRECT
	queries/xzaej							INCORRECT
	queries/xzaek							INCORRECT
	queries/xzael							INCORRECT
	queries/xzaen							INCORRECT
	queries/xzaeo							INCORRECT
	queries/xzaep							INCORRECT
	queries/xzaeq							INCORRECT
	queries/xzaer							INCORRECT
	queries/xzaes							INCORRECT
	queries/xzaet							INCORRECT
	queries/xzaeu							INCORRECT
	queries/xzaev							INCORRECT
	queries/xzaex							INCORRECT
	queries/xzaey							INCORRECT
	queries/xzaez							INCORRECT
	queries/xzafa							INCORRECT
	queries/xzafb							INCORRECT
	queries/xzafc							INCORRECT
	queries/xzafd							INCORRECT
	queries/xzafe							INCORRECT
	queries/xzaff							INCORRECT
	queries/xzafh							INCORRECT
	queries/xzafi							INCORRECT
	queries/xzafj							INCORRECT
	queries/xzafl							INCORRECT
	queries/xzafm							INCORRECT
	queries/xzafn							INCORRECT
	queries/xzafo							INCORRECT
	queries/xzafp							INCORRECT
	queries/xzafq							INCORRECT
	queries/xzafr							INCORRECT
	queries/xzaft							INCORRECT
	queries/xzafv							INCORRECT
	queries/xzafw							INCORRECT
	queries/xzafx							INCORRECT
	queries/xzafy							INCORRECT
	queries/xzafz							INCORRECT
	queries/xzagb							INCORRECT
	queries/xzagc							INCORRECT
	queries/xzagd							INCORRECT
	queries/xzage							INCORRECT
	queries/xzagf							INCORRECT
	queries/xzagg							INCORRECT
	queries/xzagh							INCORRECT
	queries/xzagi							INCORRECT
	queries/xzagj							INCORRECT
	queries/xzagk							INCORRECT
	queries/xzagl							INCORRECT
	queries/xzagm							INCORRECT
	queries/xzagn							INCORRECT
	queries/xzago							INCORRECT
	queries/xzagp							INCORRECT
	queries/xzagq							INCORRECT
	queries/xzagr							INCORRECT
	queries/xzags							INCORRECT
	queries/xzagt							INCORRECT
	queries/xzagu							INCORRECT
	queries/xzagv							INCORRECT
	queries/xzagw							INCORRECT
	queries/xzagx							INCORRECT
	queries/xzagy							INCORRECT
	queries/xzagz							INCORRECT
	queries/xzaha							INCORRECT
	queries/xzahb							INCORRECT
	queries/xzahc							INCORRECT
	queries/xzahd							INCORRECT
	queries/xzahe							INCORRECT
	queries/xzahf							INCORRECT
	queries/xzahg							INCORRECT
	queries/xzahh							INCORRECT
	queries/xzahi							INCORRECT
	queries/xzahj							INCORRECT
	queries/xzahm							INCORRECT
	queries/xzahn							INCORRECT
	queries/xzaho							INCORRECT
	queries/xzahp							INCORRECT
	queries/xzahq							INCORRECT
	queries/xzahr							INCORRECT
	queries/xzahs							INCORRECT
	queries/xzahu							INCORRECT
	queries/xzahv							INCORRECT
	queries/xzahw							INCORRECT
	queries/xzahx							INCORRECT
	queries/xzahy							INCORRECT
	queries/xzahz							INCORRECT
	queries/xzaia							INCORRECT
	queries/xzaib							INCORRECT
	queries/xzaic							INCORRECT
	queries/xzaid							INCORRECT
	queries/xzaie							INCORRECT
	queries/xzaif							INCORRECT
	queries/xzaig							INCORRECT
	queries/xzaih							INCORRECT
	queries/xzaii							INCORRECT
	queries/xzaij							INCORRECT
	queries/xzaik							INCORRECT
	queries/xzail							INCORRECT
	queries/xzaim							INCORRECT
	queries/xzain							INCORRECT
	queries/xzaio							INCORRECT
	queries/xzaip							INCORRECT
	queries/xzaiq							INCORRECT
	queries/xzair							INCORRECT
	queries/xzais							INCORRECT
	queries/xzait							INCORRECT
	queries/xzaiu							INCORRECT
	queries/xzaiv							INCORRECT
	queries/xzaiw							INCORRECT
	queries/xzaix							INCORRECT
	queries/xzaiy							INCORRECT
	queries/xzaiz							INCORRECT
	queries/xzaja							INCORRECT
	queries/xzajc							INCORRECT
	queries/xzajd							INCORRECT
	queries/xzaje							INCORRECT
	queries/xzajf							INCORRECT
	queries/xzajg							INCORRECT
	queries/xzajh							INCORRECT
	queries/xzaji							INCORRECT
	queries/xzajj							INCORRECT
	queries/xzajk							INCORRECT
	queries/xzajl							INCORRECT
	queries/xzajm							INCORRECT
	queries/xzajn							INCORRECT
	queries/xzajo							INCORRECT
	queries/xzajp							INCORRECT
	queries/xzajq							INCORRECT
	queries/xzajr							INCORRECT
	queries/xzajs							INCORRECT
	queries/xzajt							INCORRECT
	queries/xzaju							INCORRECT
	queries/xzajv							INCORRECT
	queries/xzajw							INCORRECT
	queries/xzajx							INCORRECT
	queries/xzajy							INCORRECT
	queries/xzajz							INCORRECT
	queries/xzaka							INCORRECT
	queries/xzakb							INCORRECT
	queries/xzakc							INCORRECT
	queries/xzake							INCORRECT
	queries/xzakf							INCORRECT
	queries/xzakh							INCORRECT
	queries/xzaki							INCORRECT
	queries/xzakk							INCORRECT
	queries/xzakm							INCORRECT
	queries/xzakn							INCORRECT
	queries/xzako							INCORRECT
	queries/xzakp							INCORRECT
	queries/xzakq							INCORRECT
	queries/xzakr							INCORRECT
	queries/xzakt							INCORRECT
	queries/xzaku							INCORRECT
	queries/xzakw							INCORRECT
	queries/xzakx							INCORRECT
	queries/xzaky							INCORRECT
	queries/xzakz							INCORRECT
	queries/xzala							INCORRECT
	queries/xzalb							INCORRECT
	queries/xzalc							INCORRECT
	queries/xzald							INCORRECT
	queries/xzale							INCORRECT
	queries/xzalf							INCORRECT
	queries/xzalh							INCORRECT
	queries/xzali							INCORRECT
	queries/xzalj							INCORRECT
	queries/xzalk							INCORRECT
	queries/xzall							INCORRECT
	queries/xzalm							INCORRECT
	queries/xzalp							INCORRECT
	queries/xzalq							INCORRECT
	queries/xzalr							INCORRECT
	queries/xzals							INCORRECT
	queries/xzalt							INCORRECT
	queries/xzalu							INCORRECT
	queries/xzalv							INCORRECT
	queries/xzalx							INCORRECT
	queries/xzaly							INCORRECT
	queries/xzalz							INCORRECT
	queries/xzama							INCORRECT
	queries/xzamb							INCORRECT
	queries/xzamc							INCORRECT
	queries/xzamd							INCORRECT
	queries/xzame							INCORRECT
	queries/xzamf							INCORRECT
	queries/xzamg							INCORRECT
	queries/xzamh							INCORRECT
	queries/xzami							INCORRECT
	queries/xzamj							INCORRECT
	queries/xzamk							INCORRECT
	queries/xzaml							INCORRECT
	queries/xzamm							INCORRECT
	queries/xzamo							INCORRECT
	queries/xzamp							INCORRECT
	queries/xzamq							INCORRECT
	queries/xzamr							INCORRECT
	queries/xzams							INCORRECT
	queries/xzamt							INCORRECT
	queries/xzamu							INCORRECT
	queries/xzamv							INCORRECT
	queries/xzamw							INCORRECT
	queries/xzamx							INCORRECT
	queries/xzamy							INCORRECT
	queries/xzamz							INCORRECT
	queries/xzanb							INCORRECT
	queries/xzanc							INCORRECT
	queries/xzand							INCORRECT
	queries/xzane							INCORRECT
	queries/xzanf							INCORRECT
	queries/xzang							INCORRECT
	queries/xzanh							INCORRECT
	queries/xzani							INCORRECT
	queries/xzanj							INCORRECT
	queries/xzanl							INCORRECT
	queries/xzanm							INCORRECT
	queries/xzann							INCORRECT
	queries/xzano							INCORRECT
	queries/xzanp							INCORRECT
	queries/xzanq							INCORRECT
	queries/xzanr							INCORRECT
	queries/xzans							INCORRECT
	queries/xzant							INCORRECT
	queries/xzanu							INCORRECT
	queries/xzanv							INCORRECT
	queries/xzanw							INCORRECT
	queries/xzanx							INCORRECT
	queries/xzany							INCORRECT
	queries/xzanz							INCORRECT
	queries/xzaoa							INCORRECT
	queries/xzaob							INCORRECT
	queries/xzaoc							INCORRECT
	queries/xzaod							INCORRECT
	queries/xzaoe							INCORRECT
	queries/xzaof							INCORRECT
	queries/xzaog							INCORRECT
	queries/xzaoh							INCORRECT
	queries/xzaoi							INCORRECT
	queries/xzaoj							INCORRECT
	queries/xzaok							INCORRECT
	queries/xzaol							INCORRECT
	queries/xzaon							INCORRECT
	queries/xzaoo							INCORRECT
	queries/xzaop							INCORRECT
	queries/xzaoq							INCORRECT
	queries/xzaor							INCORRECT
	queries/xzaos							INCORRECT
	queries/xzaot							INCORRECT
	queries/xzaou							INCORRECT
	queries/xzaov							INCORRECT
	queries/xzaow							INCORRECT
	queries/xzaox							INCORRECT
	queries/xzaoy							INCORRECT
	queries/xzaoz							INCORRECT
	queries/xzapa							INCORRECT
	queries/xzapb							INCORRECT
	queries/xzapd							INCORRECT
	queries/xzape							INCORRECT
	queries/xzapi							INCORRECT
	queries/xzapj							INCORRECT
	queries/xzapk							INCORRECT
	queries/xzapl							INCORRECT
	queries/xzapm							INCORRECT
	queries/xzapn							INCORRECT
	queries/xzapo							INCORRECT
	queries/xzapp							INCORRECT
	queries/xzapq							INCORRECT
	queries/xzapr							INCORRECT
	queries/xzaps							INCORRECT
	queries/xzapt							INCORRECT
	queries/xzapv							INCORRECT
	queries/xzapw							INCORRECT
	queries/xzapx							INCORRECT
	queries/xzapy							INCORRECT
	queries/xzapz							INCORRECT
	queries/xzaqb							INCORRECT
	queries/xzaqc							INCORRECT
	queries/xzaqd							INCORRECT
	queries/xzaqe							INCORRECT
	queries/xzaqf							INCORRECT
	queries/xzaqg							INCORRECT
	queries/xzaqh							INCORRECT
	queries/xzaqi							INCORRECT
	queries/xzaqj							INCORRECT
	queries/xzaqk							INCORRECT
	queries/xzaql							INCORRECT
	queries/xzaqm							INCORRECT
	queries/xzaqn							INCORRECT
	queries/xzaqo							INCORRECT
	queries/xzaqp							INCORRECT
	queries/xzaqq							INCORRECT
	queries/xzaqs							INCORRECT
	queries/xzaqt							INCORRECT
	queries/xzaqu							INCORRECT
	queries/xzaqv							INCORRECT
	queries/xzaqw							INCORRECT
	queries/xzaqx							INCORRECT
	queries/xzaqy							INCORRECT
	queries/xzaqz							INCORRECT
	queries/xzara							INCORRECT
	queries/xzarb							INCORRECT
	queries/xzard							INCORRECT
	queries/xzare							INCORRECT
	queries/xzarf							INCORRECT
	queries/xzarg							INCORRECT
	queries/xzarh							INCORRECT
	queries/xzari							INCORRECT
	queries/xzarj							INCORRECT
	queries/xzark							INCORRECT
	queries/xzarl							INCORRECT
	queries/xzarm							INCORRECT
	queries/xzarn							INCORRECT
	queries/xzaro							INCORRECT
	queries/xzarq							INCORRECT
	queries/xzarr							INCORRECT
	queries/xzart							INCORRECT
	queries/xzarv							INCORRECT
	queries/xzarw							INCORRECT
	queries/xzarx							INCORRECT
	queries/xzary							INCORRECT
	queries/xzasa							INCORRECT
	queries/xzasb							INCORRECT
	queries/xzasc							INCORRECT
	queries/xzasd							INCORRECT
	queries/xzase							INCORRECT
	queries/xzasf							INCORRECT
	queries/xzasg							INCORRECT
	queries/xzash							INCORRECT
	queries/xzasi							INCORRECT
	queries/xzasj							INCORRECT
	queries/xzask							INCORRECT
	queries/xzasl							INCORRECT
	queries/xzasm							INCORRECT
	queries/xzasn							INCORRECT
	queries/xzaso							INCORRECT
	queries/xzasp							INCORRECT
	queries/xzasq							INCORRECT
	queries/xzasr							INCORRECT
	queries/xzass							INCORRECT
	queries/xzast							INCORRECT
	queries/xzasu							INCORRECT
	queries/xzasv							INCORRECT
	queries/xzasw							INCORRECT
	queries/xzasx							INCORRECT
	queries/xzasy							INCORRECT
	queries/xzasz							INCORRECT
	queries/xzata							INCORRECT
	queries/xzatb							INCORRECT
	queries/xzatc							INCORRECT
	queries/xzatd							INCORRECT
	queries/xzate							INCORRECT
	queries/xzatf							INCORRECT
	queries/xzatg							INCORRECT
	queries/xzath							INCORRECT
	queries/xzati							INCORRECT
	queries/xzatj							INCORRECT
	queries/xzatk							INCORRECT
	queries/xzatl							INCORRECT
	queries/xzatm							INCORRECT
	queries/xzatn							INCORRECT
	queries/xzato							INCORRECT
	queries/xzatp							INCORRECT
	queries/xzatq							INCORRECT
	queries/xzatr							INCORRECT
	queries/xzats							INCORRECT
	queries/xzatt							INCORRECT
	queries/xzatu							INCORRECT
	queries/xzatv							INCORRECT
	queries/xzatw							INCORRECT
	queries/xzatx							INCORRECT
	queries/xzaty							INCORRECT
	queries/xzatz							INCORRECT
	queries/xzaua							INCORRECT
	queries/xzaub							INCORRECT
	queries/xzauc							INCORRECT
	queries/xzaud							INCORRECT
	queries/xzaue							INCORRECT
	queries/xzauf							INCORRECT
	queries/xzaug							INCORRECT
	queries/xzauh							INCORRECT
	queries/xzaui							INCORRECT
	queries/xzauj							INCORRECT
	queries/xzauk							INCORRECT
	queries/xzaun							INCORRECT
	queries/xzauo							INCORRECT
	queries/xzauq							INCORRECT
	queries/xzaur							INCORRECT
	queries/xzaus							INCORRECT
	queries/xzaut							INCORRECT
	queries/xzauu							INCORRECT
	queries/xzauv							INCORRECT
	queries/xzaux							INCORRECT
	queries/xzauy							INCORRECT
	queries/xzava							INCORRECT
	queries/xzavb							INCORRECT
	queries/xzavc							INCORRECT
	queries/xzavd							INCORRECT
	queries/xzave							INCORRECT
	queries/xzavf							INCORRECT
	queries/xzavg							INCORRECT
	queries/xzavh							INCORRECT
	queries/xzavi							INCORRECT
	queries/xzavj							INCORRECT
	queries/xzavk							INCORRECT
	queries/xzavl							INCORRECT
	queries/xzavm							INCORRECT
	queries/xzavn							INCORRECT
	queries/xzavo							INCORRECT
	queries/xzavp							INCORRECT
	queries/xzavq							INCORRECT
	queries/xzavr							INCORRECT
	queries/xzavs							INCORRECT
	queries/xzavt							INCORRECT
	queries/xzavu							INCORRECT
	queries/xzavv							INCORRECT
	queries/xzavw							INCORRECT
	queries/xzavx							INCORRECT
	queries/xzavy							INCORRECT
	queries/xzavz							INCORRECT
	queries/xzawa							INCORRECT
