	Bla_N1_64_Ont_Opt	Gra_N1_64_Ont_Opt	ES_N1_64_Ont_Def	Vir_N1_64_Ont_Opt	Vir_N1_64_Ont_Opt_VWall	Vir_N1_32_Ont_Opt_VWall	consensus
xaa		1.0	1.0	1.0	1.0	1.0	1.0
xab		2.0		2.0	2.0	2.0	2.0
xac		1.0	1.0	1.0	1.0	1.0	1.0
xad		0.0	0.0	0.0	0.0	0.0	0.0
xae		1.0	1.0	1.0	1.0	1.0	1.0
xaf				0.0	0.0	0.0	-456.0
xag		1.0	1.0	1.0	1.0	1.0	1.0
xah		0.0	0.0	0.0	0.0	0.0	0.0
xai		1.0	1.0	1.0	1.0	1.0	1.0
xaj				2.0	2.0	2.0	2.0
xak			1.0	1.0	1.0	1.0	1.0
xal		1.0	1.0	1.0	1.0	1.0	1.0
xam		0.0	0.0	0.0	0.0	0.0	0.0
xan		1.0	1.0	1.0	1.0	1.0	1.0
xao		0.0	0.0	0.0	0.0	0.0	0.0
xap		0.0	0.0	0.0	0.0	0.0	0.0
xaq		1.0	1.0	1.0	1.0	1.0	1.0
xar	1.0	1.0	1.0	1.0	1.0	1.0	1.0
xas		5.0	5.0	5.0	5.0	5.0	5.0
xat		1.0	1.0	1.0	1.0	1.0	1.0
xau		0.0	0.0	0.0	0.0	0.0	0.0
xav		4.0	4.0	4.0	4.0	4.0	4.0
xaw		1.0	1.0	1.0	1.0	1.0	1.0
xax			1.0	1.0	1.0	1.0	1.0
xay		0.0	0.0	0.0	0.0	0.0	0.0
xaz		1.0	1.0	1.0	1.0	1.0	1.0
xba		0.0	0.0	0.0	0.0	0.0	0.0
xbb		0.0	0.0	0.0	0.0	0.0	0.0
xbc		1.0	1.0	1.0	1.0	1.0	1.0
xbd				0.0	0.0	0.0	-456.0
xbe		1.0	1.0	1.0	1.0	1.0	1.0
xbf		0.0	0.0	0.0	0.0	0.0	0.0
xbg		1.0	1.0	1.0	1.0	1.0	1.0
xbh		1.0	1.0	1.0	1.0	1.0	1.0
xbi		0.0	0.0	0.0	0.0	0.0	0.0
xbj		1.0	1.0	1.0	1.0	1.0	1.0
xbk			1.0	1.0	1.0	1.0	1.0
xbl		0.0	0.0	0.0	0.0	0.0	0.0
xbm		1.0		1.0	1.0	1.0	1.0
xbn		1.0		1.0	1.0	1.0	1.0
xbo		1.0	1.0	1.0	1.0	1.0	1.0
xbp							-123.0
xbq		1.0	1.0	1.0	1.0	1.0	1.0
xbr							-123.0
xbs				1.0	1.0	1.0	1.0
xbt		1.0	1.0	1.0	1.0	1.0	1.0
xbu		1.0	1.0	1.0	1.0	1.0	1.0
xbv		1.0		1.0	1.0	1.0	1.0
xbw		0.0	0.0	0.0	0.0	0.0	0.0
xbx		1.0		1.0	1.0	1.0	1.0
xby		0.0	0.0	0.0	0.0	0.0	0.0
xbz		18.0		18.0	18.0	18.0	18.0
xca		1.0	1.0	1.0	1.0	1.0	1.0
xcb		1.0	1.0	1.0	1.0	1.0	1.0
xcc		10.0		10.0	10.0	10.0	10.0
xcd		1.0	1.0	1.0	1.0	1.0	1.0
xce			20.0	20.0	20.0	20.0	20.0
xcf		1001.0	1001.0	1001.0	1001.0	1001.0	1001.0
xcg		1.0	1.0	1.0	1.0	1.0	1.0
xch		1.0		1.0	1.0	1.0	1.0
xci		0.0	0.0	0.0	0.0	0.0	0.0
xcj		1.0		1.0	1.0	1.0	1.0
xck				1.0	1.0	1.0	1.0
xcl		1.0		1.0	1.0	1.0	1.0
xcm		1.0		1.0	1.0	1.0	1.0
xcn				1.0	1.0	1.0	1.0
xco		6.0	6.0	6.0	6.0	6.0	6.0
xcp		1.0	1.0	1.0	1.0	1.0	1.0
xcq				1.0	1.0	1.0	1.0
xcr							-123.0
xcs		1.0	1.0	1.0	1.0	1.0	1.0
xct		1.0	1.0	1.0	1.0	1.0	1.0
xcu		1.0		1.0	1.0	1.0	1.0
xcv				1.0	1.0	1.0	1.0
xcw		1.0	1.0	1.0	1.0	1.0	1.0
xcx		0.0	0.0	0.0	0.0	0.0	0.0
xcy		1.0	1.0	1.0	1.0	1.0	1.0
xcz		1.0	1.0	1.0	1.0	1.0	1.0
xda		1.0	1.0	1.0	1.0	1.0	1.0
xdb		15.0		0.0	0.0	0.0	15.0
xdc		0.0	0.0	0.0	0.0	0.0	0.0
xdd		1.0	1.0	1.0	1.0	1.0	1.0
xde			1.0	1.0	1.0	1.0	1.0
xdf		0.0	0.0	0.0	0.0	0.0	0.0
xdg		1.0	1.0	1.0	1.0	1.0	1.0
xdh		0.0	0.0	0.0	0.0	0.0	0.0
xdi		0.0	0.0	0.0	0.0	0.0	0.0
xdj		1.0	1.0	1.0	1.0	1.0	1.0
xdk		1.0	1.0	1.0	1.0	1.0	1.0
xdl		1.0		1.0	1.0	1.0	1.0
xdm	0.0	0.0	0.0	0.0	0.0	0.0	0.0
xdn		0.0	0.0	0.0	0.0	0.0	0.0
xdo		0.0	0.0	0.0	0.0	0.0	0.0
xdp				0.0	0.0	0.0	-456.0
xdq	1.0	1.0	1.0	1.0	1.0	1.0	1.0
xdr		1.0	1.0	1.0	1.0	1.0	1.0
xds				2.0	2.0	2.0	2.0
xdt		1.0	1.0	1.0	1.0	1.0	1.0
xdu		1.0	1.0	1.0	1.0	1.0	1.0
xdv		2.0	2.0	2.0	2.0	2.0	2.0
xdw			1.0	1.0	1.0	1.0	1.0
xdx		1.0	1.0	1.0	1.0	1.0	1.0
xdy			1.0	1.0	1.0	1.0	1.0
xdz		1.0	1.0	1.0	1.0	1.0	1.0
xea			1.0	1.0	1.0	1.0	1.0
xeb		1.0	1.0	1.0	1.0	1.0	1.0
xec		1.0	1.0	1.0	1.0	1.0	1.0
xed		18.0		18.0	18.0	18.0	18.0
xee		0.0	0.0	0.0	0.0	0.0	0.0
xef				1.0	1.0	1.0	1.0
xeg				18.0	18.0	18.0	18.0
xeh		3.0	3.0	3.0	3.0	3.0	3.0
xei		1.0	1.0	1.0	1.0	1.0	1.0
xej		18.0		18.0	18.0	18.0	18.0
xek		1.0	1.0	1.0	1.0	1.0	1.0
xel							-123.0
xem		1.0	1.0	1.0	1.0	1.0	1.0
xen		1.0		1.0	1.0	1.0	1.0
xeo			1.0	1.0	1.0	1.0	1.0
xep		1.0	1.0	1.0	1.0	1.0	1.0
xeq		1.0	1.0	1.0	1.0	1.0	1.0
xer				1.0	1.0	1.0	1.0
xes		1001.0	1001.0	1001.0	1001.0	1001.0	1001.0
xet		0.0	0.0	0.0	0.0	0.0	0.0
xeu		1.0		1.0	1.0	1.0	1.0
xev		1.0	1.0	1.0	1.0	1.0	1.0
xew		1.0	1.0	1.0	1.0	1.0	1.0
xex			1.0	1.0	1.0	1.0	1.0
xey			1.0	1.0	1.0	1.0	1.0
xez		2.0	2.0	2.0	2.0	2.0	2.0
xfa		4.0	4.0	4.0	4.0	4.0	4.0
xfb				1.0	1.0	1.0	1.0
xfc		1.0	1.0	1.0	1.0	1.0	1.0
xfd		1.0	1.0	1.0	1.0	1.0	1.0
xfe		1.0	1.0	1.0	1.0	1.0	1.0
xff		1.0	1.0	1.0	1.0	1.0	1.0
xfg		1.0	1.0	1.0	1.0	1.0	1.0
xfh		1.0	1.0	1.0	1.0	1.0	1.0
xfi		1.0	1.0	1.0	1.0	1.0	1.0
xfj		1.0	1.0	1.0	1.0	1.0	1.0
xfk			1.0	1.0	1.0	1.0	1.0
xfl		1.0	1.0	1.0	1.0	1.0	1.0
xfm		1.0	1.0	1.0	1.0	1.0	1.0
xfn		1.0	1.0	1.0	1.0	1.0	1.0
xfo			1.0	1.0	1.0	1.0	1.0
xfp		3.0	3.0	3.0	3.0	3.0	3.0
xfq		1.0	1.0	1.0	1.0	1.0	1.0
xfr		1.0	1.0	1.0	1.0	1.0	1.0
xfs		1.0	1.0	1.0	1.0	1.0	1.0
xft		1.0	1.0	1.0	1.0	1.0	1.0
xfu	1.0	1.0	1.0	1.0	1.0	1.0	1.0
xfv		1.0	1.0	1.0	1.0	1.0	1.0
xfw				1.0	1.0	1.0	1.0
xfx	1.0	1.0	1.0	1.0	1.0	1.0	1.0
xfy			1.0	1.0	1.0	1.0	1.0
xfz		1.0	1.0	1.0	1.0	1.0	1.0
xga				0.0	0.0	0.0	-456.0
xgb		0.0	0.0	0.0	0.0	0.0	0.0
xgc		1.0		1.0	1.0	1.0	1.0
xgd				0.0	0.0	0.0	-456.0
xge		692.0	692.0	692.0	692.0	692.0	692.0
xgf		849.0	849.0	849.0	849.0	849.0	849.0
xgg		2.0	2.0	2.0	2.0	2.0	2.0
xgh		1.0	1.0	1.0	1.0	1.0	1.0
xgi		0.0	0.0	0.0	0.0	0.0	0.0
xgj		1.0		1.0	1.0	1.0	1.0
xgk		2.0	2.0	2.0	2.0	2.0	2.0
xgl		1.0	1.0	1.0	1.0	1.0	1.0
xgm		0.0	0.0	0.0	0.0	0.0	0.0
xgn		1.0	1.0	1.0	1.0	1.0	1.0
xgo			1.0	1.0	1.0	1.0	1.0
xgp		1.0	1.0	1.0	1.0	1.0	1.0
xgq			20.0	20.0	20.0	20.0	20.0
xgr		1.0	1.0	1.0	1.0	1.0	1.0
xgs		1.0	1.0	1.0	1.0	1.0	1.0
xgt		0.0	0.0	0.0	0.0	0.0	0.0
xgu		5.0	5.0	5.0	5.0	5.0	5.0
xgv		1.0	1.0	1.0	1.0	1.0	1.0
xgw		6.0	6.0	6.0	6.0	6.0	6.0
xgx		1.0	1.0	1.0	1.0	1.0	1.0
xgy		4.0	4.0	4.0	4.0	4.0	4.0
xgz		1.0	1.0	1.0	1.0	1.0	1.0
xha		0.0	0.0	0.0	0.0	0.0	0.0
xhb		1.0	1.0	1.0	1.0	1.0	1.0
xhc		1.0	1.0	1.0	1.0	1.0	1.0
xhd		1.0	1.0	1.0	1.0	1.0	1.0
xhe		1.0	1.0	1.0	1.0	1.0	1.0
xhf		0.0	0.0	0.0	0.0	0.0	0.0
xhg		1.0	1.0	1.0	1.0	1.0	1.0
xhh		4.0	4.0	4.0	4.0	4.0	4.0
xhi				1.0	1.0	1.0	1.0
xhj		1.0	1.0	1.0	1.0	1.0	1.0
xhk		1.0	1.0	1.0	1.0	1.0	1.0
xhl		1.0	1.0	1.0	1.0	1.0	1.0
xhm		1.0	1.0	1.0	1.0	1.0	1.0
xhn		1.0	1.0	1.0	1.0	1.0	1.0
xho		1.0		1.0	1.0	1.0	1.0
xhp		1.0	1.0	1.0	1.0	1.0	1.0
xhq			1.0	1.0	1.0	1.0	1.0
xhr		1.0		1.0	1.0	1.0	1.0
xhs		1.0	1.0	1.0	1.0	1.0	1.0
xht	0.0			0.0	0.0	0.0	0.0
xhu		1.0		1.0	1.0	1.0	1.0
xhv		1.0	1.0	1.0	1.0	1.0	1.0
xhw				1.0	1.0	1.0	1.0
xhx		1.0		1.0	1.0	1.0	1.0
xhy		1.0	1.0	1.0	1.0	1.0	1.0
xhz				1.0	1.0	1.0	1.0
xia		1.0	1.0	1.0	1.0	1.0	1.0
xib		1.0	1.0	1.0	1.0	1.0	1.0
xic			1.0	1.0	1.0	1.0	1.0
xid	1.0	1.0	1.0	1.0	1.0	1.0	1.0
xie				1.0	1.0	1.0	1.0
xif				1.0	1.0	1.0	1.0
xig		0.0	0.0	0.0	0.0	0.0	0.0
xih		3.0		3.0	3.0	3.0	3.0
xii		1.0	1.0	1.0	1.0	1.0	1.0
xij			1.0	1.0	1.0	1.0	1.0
xik		0.0	0.0	0.0	0.0	0.0	0.0
xil		0.0	0.0	0.0	0.0	0.0	0.0
xim		1.0	1.0	1.0	1.0	1.0	1.0
xin		0.0	0.0	0.0	0.0	0.0	0.0
xio			1.0	1.0	1.0	1.0	1.0
xip		1.0	1.0	1.0	1.0	1.0	1.0
xiq				1.0	1.0	1.0	1.0
xir		1.0		1.0	1.0	1.0	1.0
xis		2.0	2.0	2.0	2.0	2.0	2.0
xit		1.0	1.0	1.0	1.0	1.0	1.0
xiu		1.0	1.0	1.0	1.0	1.0	1.0
xiv		1.0	1.0	1.0	1.0	1.0	1.0
xiw		1.0	1.0	1.0	1.0	1.0	1.0
xix		1.0	1.0	1.0	1.0	1.0	1.0
xiy		0.0	0.0	0.0	0.0	0.0	0.0
xiz		1.0	1.0	1.0	1.0	1.0	1.0
xja				1.0	1.0	1.0	1.0
xjb		1.0	1.0	1.0	1.0	1.0	1.0
xjc		1.0	1.0	1.0	1.0	1.0	1.0
xjd		1.0	1.0	1.0	1.0	1.0	1.0
xje		1.0		1.0	1.0	1.0	1.0
xjf		20.0		20.0	20.0	20.0	20.0
xjg				1.0	1.0	1.0	1.0
xjh		1.0	1.0	1.0	1.0	1.0	1.0
xji		1.0	1.0	1.0	1.0	1.0	1.0
xjj		1.0		1.0	1.0	1.0	1.0
xjk		1.0	1.0	1.0	1.0	1.0	1.0
xjl		2.0		2.0	2.0	2.0	2.0
xjm		0.0	0.0	0.0	0.0	0.0	0.0
xjn			1.0	1.0	1.0	1.0	1.0
xjo				1.0	1.0	1.0	1.0
xjp				16.0	16.0	16.0	16.0
xjq		1.0	1.0	1.0	1.0	1.0	1.0
xjr		1.0	1.0	1.0	1.0	1.0	1.0
xjs		1.0	1.0	1.0	1.0	1.0	1.0
xjt				1.0	1.0	1.0	1.0
xju		1.0	1.0	1.0	1.0	1.0	1.0
xjv		1.0	1.0	1.0	1.0	1.0	1.0
xjw		1.0		1.0	1.0	1.0	1.0
xjx		0.0	0.0	0.0	0.0	0.0	0.0
xjy				0.0	0.0	0.0	-456.0
xjz		1.0	1.0	1.0	1.0	1.0	1.0
xka		0.0	0.0	0.0	0.0	0.0	0.0
xkb		0.0	0.0	0.0	0.0	0.0	0.0
xkc		1.0	1.0	1.0	1.0	1.0	1.0
xkd		2.0	2.0	2.0	2.0	2.0	2.0
xke				1.0	1.0	1.0	1.0
xkf			1.0	1.0	1.0	1.0	1.0
xkg		1.0	1.0	1.0	1.0	1.0	1.0
xkh		1.0	1.0	1.0	1.0	1.0	1.0
xki		1.0	1.0	1.0	1.0	1.0	1.0
xkj		1.0	1.0	1.0	1.0	1.0	1.0
xkk		1.0	1.0	1.0	1.0	1.0	1.0
xkl			1.0	1.0	1.0	1.0	1.0
xkm		1.0	1.0	1.0	1.0	1.0	1.0
xkn				1.0	1.0	1.0	1.0
xko		1.0		1.0	1.0	1.0	1.0
xkp				1.0	1.0	1.0	1.0
xkq				1.0	1.0	1.0	1.0
xkr		1.0		1.0	1.0	1.0	1.0
xks		1.0	1.0	1.0	1.0	1.0	1.0
xkt		1.0	1.0	1.0	1.0	1.0	1.0
xku		1.0	1.0	1.0	1.0	1.0	1.0
xkv		1.0		1.0	1.0	1.0	1.0
xkw		2.0	2.0	2.0	2.0	2.0	2.0
xkx		1.0	1.0	1.0	1.0	1.0	1.0
xky		1.0	1.0	1.0	1.0	1.0	1.0
xkz		1.0	1.0	1.0	1.0	1.0	1.0
xla		0.0	0.0	0.0	0.0	0.0	0.0
xlb		0.0	0.0	0.0	0.0	0.0	0.0
xlc		1.0	1.0	1.0	1.0	1.0	1.0
xld		1.0	1.0	1.0	1.0	1.0	1.0
xle		0.0	0.0	0.0	0.0	0.0	0.0
xlf		1.0	1.0	0.0	0.0	0.0	1.0
xlg			1.0	1.0	1.0	1.0	1.0
xlh		1.0	1.0	1.0	1.0	1.0	1.0
xli		0.0	0.0	0.0	0.0	0.0	0.0
xlj		0.0	0.0	0.0	0.0	0.0	0.0
xlk				1.0			1.0
xll		1.0	1.0	1.0	1.0	1.0	1.0
xlm		2.0	2.0	2.0	2.0	2.0	2.0
xln		0.0	0.0	0.0	0.0	0.0	0.0
xlo		1.0	1.0	1.0	1.0	1.0	1.0
xlp		2.0	2.0	2.0	2.0	2.0	2.0
xlq		1.0	1.0	1.0	1.0	1.0	1.0
xlr		1.0	1.0	1.0	1.0	1.0	1.0
xls		4.0	4.0	4.0	4.0	4.0	4.0
xlt		1.0	1.0	1.0	1.0	1.0	1.0
xlu		1.0	1.0	1.0	1.0	1.0	1.0
xlv	0.0	0.0	0.0	0.0	0.0	0.0	0.0
xlw		2.0		2.0	2.0	2.0	2.0
xlx		1.0	1.0	1.0	1.0	1.0	1.0
xly				3.0	3.0	3.0	3.0
xlz		0.0	0.0	0.0	0.0	0.0	0.0
xma		0.0	0.0	0.0	0.0	0.0	0.0
xmb		1.0	1.0	1.0	1.0	1.0	1.0
xmc		20.0	20.0	20.0	20.0	20.0	20.0
xmd							-123.0
xme				14.0	14.0	14.0	14.0
xmf		1.0		0.0	0.0	0.0	1.0
xmg			1.0	1.0	1.0	1.0	1.0
xmh		1.0	1.0	1.0	1.0	1.0	1.0
xmi			1.0	1.0	1.0	1.0	1.0
xmj		1.0		1.0	1.0	1.0	1.0
xmk		1.0	1.0	1.0	1.0	1.0	1.0
xml		1.0		1.0	1.0	1.0	1.0
xmm		1.0		1.0	1.0	1.0	1.0
xmn		1.0	1.0	1.0	1.0	1.0	1.0
xmo		0.0	0.0	0.0	0.0	0.0	0.0
xmp		1.0	1.0	1.0	1.0	1.0	1.0
xmq				1.0	1.0	1.0	-234.0
xmr	1.0	1.0		1.0	1.0	1.0	1.0
xms		1.0		1.0	1.0	1.0	1.0
xmt				18.0	18.0	18.0	18.0
xmu		2.0	2.0	2.0	2.0	2.0	2.0
xmv		1.0		1.0	1.0	1.0	1.0
xmw		1.0	1.0	1.0	1.0	1.0	1.0
xmx		1.0	1.0	1.0	1.0	1.0	1.0
xmy		0.0	0.0	0.0	0.0	0.0	0.0
xmz			20.0	20.0	20.0	20.0	20.0
xna		0.0	0.0	0.0	0.0	0.0	0.0
xnb				1.0	1.0	1.0	1.0
xnc		1.0		1.0	1.0	1.0	1.0
xnd		1.0	1.0	1.0	1.0	1.0	1.0
xne				1.0	1.0	1.0	1.0
xnf		0.0	0.0	0.0	0.0	0.0	0.0
xng		1.0	1.0	1.0	1.0	1.0	1.0
xnh		0.0	0.0	0.0	0.0	0.0	0.0
xni		1.0		1.0	1.0	1.0	1.0
xnj		0.0	0.0	0.0	0.0	0.0	0.0
xnk		0.0	0.0	0.0	0.0	0.0	0.0
xnl	1.0	1.0	1.0	1.0	1.0	1.0	1.0
xnm		0.0	0.0	0.0	0.0	0.0	0.0
xnn		1.0	1.0	1.0	1.0	1.0	1.0
xno		1.0		1.0	1.0	1.0	1.0
xnp		0.0	0.0	0.0	0.0	0.0	0.0
xnq			1.0	1.0	1.0	1.0	1.0
xnr		1.0	1.0	1.0	1.0	1.0	1.0
xns		0.0	0.0	0.0	0.0	0.0	0.0
xnt	1.0	1.0	1.0	1.0	1.0	1.0	1.0
xnu		1.0	1.0	1.0	1.0	1.0	1.0
xnv		1.0		1.0	1.0	1.0	1.0
xnw		1.0	1.0	1.0	1.0	1.0	1.0
xnx	7.0			7.0	7.0	7.0	7.0
xny		1.0	1.0	1.0	1.0	1.0	1.0
xnz		1.0		1.0	1.0	1.0	1.0
xoa		1.0		1.0	1.0	1.0	1.0
xob		0.0	0.0	0.0	0.0	0.0	0.0
xoc			1.0	1.0	1.0	1.0	1.0
xod		1.0	1.0	1.0	1.0	1.0	1.0
xoe				1.0	1.0	1.0	1.0
xof		1.0	1.0	1.0	1.0	1.0	1.0
xog		1.0	1.0	1.0	1.0	1.0	1.0
xoh		0.0	0.0	0.0	0.0	0.0	0.0
xoi			7.0	39531.0	39531.0	39531.0	39531.0
xoj		0.0	0.0	0.0	0.0	0.0	0.0
xok		1.0	1.0	1.0	1.0	1.0	1.0
xol		1.0		1.0	1.0	1.0	1.0
xom				4.0	4.0	4.0	4.0
xon				1.0	1.0	1.0	1.0
xoo		3.0	3.0	3.0	3.0	3.0	3.0
xop		1.0	1.0	1.0	1.0	1.0	1.0
xoq		1.0	1.0	1.0	1.0	1.0	1.0
xor		0.0	0.0	0.0	0.0	0.0	0.0
xos	1.0	1.0	1.0	1.0	1.0	1.0	1.0
xot		1.0	1.0	1.0	1.0	1.0	1.0
xou		1.0	1.0	1.0	1.0	1.0	1.0
xov		1.0	1.0	1.0	1.0	1.0	1.0
xow	0.0	0.0	0.0	0.0	0.0	0.0	0.0
xox		1.0	1.0	1.0	1.0	1.0	1.0
xoy		0.0	0.0	0.0	0.0	0.0	0.0
xoz		0.0	0.0	0.0	0.0	0.0	0.0
xpa			1.0	1.0	1.0	1.0	1.0
xpb		0.0	0.0	0.0	0.0	0.0	0.0
xpc				1.0	1.0	1.0	1.0
xpd		5.0	5.0	5.0	5.0	5.0	5.0
xpe		1.0	1.0	1.0	1.0	1.0	1.0
xpf		1.0	1.0	1.0	1.0	1.0	1.0
xpg		1.0	1.0	1.0	1.0	1.0	1.0
xph		1.0		1.0	1.0	1.0	1.0
xpi				1.0	1.0	1.0	1.0
xpj		1.0	1.0	1.0	1.0	1.0	1.0
xpk		1.0	1.0	1.0	1.0	1.0	1.0
xpl		1.0	1.0	1.0	1.0	1.0	1.0
xpm		0.0	0.0	0.0	0.0	0.0	0.0
xpn				1.0	1.0	1.0	1.0
xpo		1.0		1.0	1.0	1.0	1.0
xpp		2.0	2.0	2.0	2.0	2.0	2.0
xpq		1.0	1.0	1.0	1.0	1.0	1.0
xpr		2.0		2.0	2.0	2.0	2.0
xps		1.0	1.0	1.0	1.0	1.0	1.0
xpt		0.0	0.0	0.0	0.0	0.0	0.0
xpu		0.0	0.0	0.0	0.0	0.0	0.0
xpv		1.0		1.0	1.0	1.0	1.0
xpw		1.0	1.0	1.0	1.0	1.0	1.0
xpx		1.0	1.0	1.0	1.0	1.0	1.0
xpy				1.0	1.0	1.0	1.0
xpz		1.0	1.0	1.0	1.0	1.0	1.0
xqa		1.0		1.0	1.0	1.0	1.0
xqb		1.0	1.0	1.0	1.0	1.0	1.0
xqc		1.0	1.0	1.0	1.0	1.0	1.0
xqd				0.0	0.0	0.0	-456.0
xqe		1.0	1.0	1.0	1.0	1.0	1.0
xqf			1512758.0	1048576.0	1048576.0	1048576.0	1512758.0
xqg		1.0	1.0	1.0	1.0	1.0	1.0
xqh		3.0	3.0	3.0	3.0	3.0	3.0
xqi				23.0	23.0	23.0	23.0
xqj		3.0	3.0	3.0	3.0	3.0	3.0
xqk		1.0	1.0	1.0	1.0	1.0	1.0
xql		1.0	1.0	1.0	1.0	1.0	1.0
xqm				1.0	1.0	1.0	1.0
xqn		1.0		1.0	1.0	1.0	1.0
xqo		3.0	3.0	3.0	3.0	3.0	3.0
xqp		1.0	1.0	1.0	1.0	1.0	1.0
xqq		1.0	1.0	1.0	1.0	1.0	1.0
xqr		1.0		1.0	1.0	1.0	1.0
xqs		1.0	1.0	1.0	1.0	1.0	1.0
xqt		1.0	1.0	1.0	1.0	1.0	1.0
xqu		7.0		7.0	7.0	7.0	7.0
xqv		1.0	1.0	1.0	1.0	1.0	1.0
xqw		0.0	0.0	0.0	0.0	0.0	0.0
xqx		1.0		1.0	1.0	1.0	1.0
xqy		1.0		1.0	1.0	1.0	1.0
xqz		2.0	2.0	2.0	2.0	2.0	2.0
xra		1.0	1.0	1.0	1.0	1.0	1.0
xrb		20.0	20.0	20.0	20.0	20.0	20.0
xrc		1.0		1.0	1.0	1.0	1.0
xrd		1.0	1.0	1.0	1.0	1.0	1.0
xre				1.0	1.0	1.0	1.0
xrf		0.0	0.0	0.0	0.0	0.0	0.0
xrg				14.0	14.0	14.0	14.0
xrh		0.0	0.0	0.0	0.0	0.0	0.0
xri		1.0	1.0	1.0	1.0	1.0	1.0
xrj		1.0	1.0	1.0	1.0	1.0	1.0
xrk		1.0	1.0	1.0	1.0	1.0	1.0
xrl		1.0	1.0	1.0	1.0	1.0	1.0
xrm		1.0	1.0	1.0	1.0	1.0	1.0
xrn		1.0		0.0	0.0	0.0	1.0
xro		1.0	1.0	1.0	1.0	1.0	1.0
xrp		1.0		1.0	1.0	1.0	1.0
xrq		0.0	0.0	0.0	0.0	0.0	0.0
xrr		1.0	1.0	1.0	1.0	1.0	1.0
xrs		0.0	0.0	0.0	0.0	0.0	0.0
xrt		0.0	0.0	0.0	0.0	0.0	0.0
xru		1.0	1.0	1.0	1.0	1.0	1.0
xrv		1.0	1.0	1.0	1.0	1.0	1.0
xrw			1.0	1.0	1.0	1.0	1.0
xrx		1.0	1.0	1.0	1.0	1.0	1.0
xry		1.0	1.0	1.0	1.0	1.0	1.0
xrz		1.0	1.0	1.0	1.0	1.0	1.0
xsa		1.0	1.0	1.0	1.0	1.0	1.0
xsb		1.0	1.0	1.0	1.0	1.0	1.0
xsc		0.0	0.0	0.0	0.0	0.0	0.0
xsd		1.0	1.0	1.0	1.0	1.0	1.0
xse				0.0	0.0	0.0	-456.0
xsf		0.0	0.0	0.0	0.0	0.0	0.0
xsg	1.0	1.0	1.0	1.0	1.0	1.0	1.0
xsh		1.0	1.0	1.0	1.0	1.0	1.0
xsi		1001.0	1001.0	1001.0	1001.0	1001.0	1001.0
xsj		1.0	1.0	1.0	1.0	1.0	1.0
xsk		1.0	1.0	1.0	1.0	1.0	1.0
xsl	1.0	1.0	1.0	1.0	1.0	1.0	1.0
xsm		1.0	1.0	1.0	1.0	1.0	1.0
xsn		1.0	1.0	1.0	1.0	1.0	1.0
xso			1.0	1.0	1.0	1.0	1.0
xsp		0.0	0.0	0.0	0.0	0.0	0.0
xsq		1.0	1.0	1.0	1.0	1.0	1.0
xsr		1.0		1.0	1.0	1.0	1.0
xss		1.0		1.0	1.0	1.0	1.0
xst		1.0	1.0	1.0	1.0	1.0	1.0
xsu		1.0	1.0	1.0	1.0	1.0	1.0
xsv		0.0	0.0	0.0	0.0	0.0	0.0
xsw		0.0	0.0	0.0	0.0	0.0	0.0
xsx	0.0	0.0	0.0	0.0	0.0	0.0	0.0
xsy		0.0	0.0	0.0	0.0	0.0	0.0
xsz		0.0	0.0	0.0	0.0	0.0	0.0
xta		1.0	1.0	1.0	1.0	1.0	1.0
xtb		1.0		1.0	1.0	1.0	1.0
xtc		1.0	1.0	1.0	1.0	1.0	1.0
xtd				1.0	1.0	1.0	1.0
xte		1.0	1.0	1.0	1.0	1.0	1.0
xtf		1.0	1.0	1.0	1.0	1.0	1.0
xtg		1.0		1.0	1.0	1.0	1.0
xth		1.0		1.0	1.0	1.0	1.0
xti		1.0		1.0	1.0	1.0	1.0
xtj		1.0	1.0	1.0	1.0	1.0	1.0
xtk		1.0	1.0	1.0	1.0	1.0	1.0
xtl		3.0	3.0	3.0	3.0	3.0	3.0
xtm		0.0	0.0	0.0	0.0	0.0	0.0
xtn				1.0	1.0	1.0	1.0
xto			1.0	1.0	1.0	1.0	1.0
xtp		1.0	1.0	1.0	1.0	1.0	1.0
xtq				0.0	0.0	0.0	-234.0
xtr		1.0	1.0	1.0	1.0	1.0	1.0
xts		1.0	1.0	1.0	1.0	1.0	1.0
xtt	1.0	1.0	1.0	1.0	1.0	1.0	1.0
xtu				3.0	3.0	3.0	3.0
xtv		6.0	6.0	6.0	6.0	6.0	6.0
xtw		2.0	2.0	2.0	2.0	2.0	2.0
xtx		1.0	1.0	1.0	1.0	1.0	1.0
xty		1.0	1.0	1.0	1.0	1.0	1.0
xtz				1.0	1.0	1.0	1.0
xua		1.0	1.0	1.0	1.0	1.0	1.0
xub		1.0	1.0	1.0	1.0	1.0	1.0
xuc		1.0	1.0	1.0	1.0	1.0	1.0
xud		1.0	1.0	1.0	1.0	1.0	1.0
xue		1.0	1.0	1.0	1.0	1.0	1.0
xuf		0.0	0.0	0.0	0.0	0.0	0.0
xug		1.0	1.0	1.0	1.0	1.0	1.0
xuh							-123.0
xui			1.0	1.0	1.0	1.0	1.0
xuj		0.0	0.0	0.0	0.0	0.0	0.0
xuk		20.0	20.0	20.0	20.0	20.0	20.0
xul				1.0	1.0	1.0	1.0
xum		1.0	1.0	1.0	1.0	1.0	1.0
xun		1.0		1.0	1.0	1.0	1.0
xuo		1.0	1.0	1.0	1.0	1.0	1.0
xup		1001.0	1001.0	1001.0	1001.0	1001.0	1001.0
xuq	1.0	1.0	1.0	1.0	1.0	1.0	1.0
xur		1.0	1.0	1.0	1.0	1.0	1.0
xus		1.0	1.0	1.0	1.0	1.0	1.0
xut	1.0		1.0	1.0	1.0	1.0	1.0
xuu		1001.0	1001.0	1001.0	1001.0	1001.0	1001.0
xuv		1.0		1.0	1.0	1.0	1.0
xuw		1.0	1.0	1.0	1.0	1.0	1.0
xux		1.0	1.0	1.0	1.0	1.0	1.0
xuy	0.0	0.0	0.0	0.0	0.0	0.0	0.0
xuz		3.0	3.0	3.0	3.0	3.0	3.0
xva		0.0	0.0	0.0	0.0	0.0	0.0
xvb		1.0		1.0	1.0	1.0	1.0
xvc		1.0	1.0	1.0	1.0	1.0	1.0
xvd		1.0	1.0	1.0	1.0	1.0	1.0
xve		1.0	1.0	1.0	1.0	1.0	1.0
xvf			0.0	1048576.0	1048576.0	1048576.0	1048576.0
xvg			1.0	1.0	1.0	1.0	1.0
xvh		1.0	1.0	1.0	1.0	1.0	1.0
xvi		1.0	1.0	1.0	1.0	1.0	1.0
xvj		1.0	1.0	1.0	1.0	1.0	1.0
xvk		1.0	1.0	1.0	1.0	1.0	1.0
xvl		1.0	1.0	1.0	1.0	1.0	1.0
xvm		0.0	0.0	0.0	0.0	0.0	0.0
xvn		1.0		1.0	1.0	1.0	1.0
xvo		1.0	1.0	1.0	1.0	1.0	1.0
xvp		1.0		1.0	1.0	1.0	1.0
xvq		1.0	1.0	1.0	1.0	1.0	1.0
xvr		1.0	1.0	1.0	1.0	1.0	1.0
xvs		1.0	1.0	1.0	1.0	1.0	1.0
xvt		1.0	1.0	1.0	1.0	1.0	1.0
xvu		1.0	1.0	1.0	1.0	1.0	1.0
xvv		1.0	1.0	1.0	1.0	1.0	1.0
xvw		1.0	1.0	1.0	1.0	1.0	1.0
xvx			1.0	1.0	1.0	1.0	1.0
xvy		1.0	1.0	1.0	1.0	1.0	1.0
xvz			1.0	1.0	1.0	1.0	1.0
xwa		1.0	1.0	1.0	1.0	1.0	1.0
xwb		1.0	1.0	1.0	1.0	1.0	1.0
xwc				1.0	1.0	1.0	1.0
xwd		0.0	0.0	0.0	0.0	0.0	0.0
xwe		1.0	1.0	1.0	1.0	1.0	1.0
xwf		2.0	2.0	2.0	2.0	2.0	2.0
xwg		1.0	1.0	1.0	1.0	1.0	1.0
xwh		1.0	1.0	1.0	1.0	1.0	1.0
xwi		1.0	1.0	1.0	1.0	1.0	1.0
xwj		0.0	0.0	0.0	0.0	0.0	0.0
xwk		20.0	20.0	20.0	20.0	20.0	20.0
xwl		0.0	0.0	0.0	0.0	0.0	0.0
xwm		1.0		1.0	1.0	1.0	1.0
xwn		0.0	0.0	0.0	0.0	0.0	0.0
xwo	1.0	1.0	1.0	1.0	1.0	1.0	1.0
xwp		1.0	1.0	1.0	1.0	1.0	1.0
xwq		1.0	1.0	1.0	1.0	1.0	1.0
xwr		1.0	1.0	1.0	1.0	1.0	1.0
xws		0.0	0.0	0.0	0.0	0.0	0.0
xwt		0.0	0.0	0.0	0.0	0.0	0.0
xwu		1.0	1.0	1.0	1.0	1.0	1.0
xwv		1.0		1.0	1.0	1.0	1.0
xww		5.0	5.0	5.0	5.0	5.0	5.0
xwx		0.0	0.0	0.0	0.0	0.0	0.0
xwy		0.0	0.0	0.0	0.0	0.0	0.0
xwz		1.0		1.0	1.0	1.0	1.0
xxa		2.0	2.0	2.0	2.0	2.0	2.0
xxb		1.0		1.0	1.0	1.0	1.0
xxc		1.0		0.0	0.0	0.0	1.0
xxd		1.0	1.0	1.0	1.0	1.0	1.0
xxe		1.0	1.0	1.0	1.0	1.0	1.0
xxf				1.0	1.0	1.0	1.0
xxg		0.0	0.0	0.0	0.0	0.0	0.0
xxh		1.0	1.0	1.0	1.0	1.0	1.0
xxi		1.0	1.0	1.0	1.0	1.0	1.0
xxj		1.0		1.0	1.0	1.0	1.0
xxk		1.0	1.0	1.0	1.0	1.0	1.0
xxl		1.0	1.0	1.0	1.0	1.0	1.0
xxm		1.0		1.0	1.0	1.0	1.0
xxn		0.0	0.0	0.0	0.0	0.0	0.0
xxo		0.0	0.0	0.0	0.0	0.0	0.0
xxp		1.0	1.0	1.0	1.0	1.0	1.0
xxq		1.0	1.0	1.0	1.0	1.0	1.0
xxr		0.0	0.0	0.0	0.0	0.0	0.0
xxs				1.0	1.0	1.0	1.0
xxt		1.0	1.0	1.0	1.0	1.0	1.0
xxu		1.0	1.0	1.0	1.0	1.0	1.0
xxv			1.0	1.0	1.0	1.0	1.0
xxw		0.0	0.0	0.0	0.0	0.0	0.0
xxx		0.0	0.0	0.0	0.0	0.0	0.0
xxy				1.0	1.0	1.0	1.0
xxz				20.0	20.0	20.0	-234.0
xya		1.0	1.0	1.0	1.0	1.0	1.0
xyb		0.0	0.0	0.0	0.0	0.0	0.0
xyc		1.0		1.0	1.0	1.0	1.0
xyd		1.0		1.0	1.0	1.0	1.0
xye		7.0	7.0	7.0	7.0	7.0	7.0
xyf		1.0	1.0	1.0	1.0	1.0	1.0
xyg		0.0	0.0	0.0	0.0	0.0	0.0
xyh		1.0		1.0	1.0	1.0	1.0
xyi		0.0	0.0	0.0	0.0	0.0	0.0
xyj		0.0	0.0	0.0	0.0	0.0	0.0
xyk		1.0	1.0	1.0	1.0	1.0	1.0
xyl		0.0	0.0	0.0	0.0	0.0	0.0
xym		17.0		17.0	17.0	17.0	17.0
xyn		1.0		1.0	1.0	1.0	1.0
xyo		0.0	0.0	0.0	0.0	0.0	0.0
xyp		0.0	0.0	0.0	0.0	0.0	0.0
xyq		1.0		1.0	1.0	1.0	1.0
xyr		1.0	1.0	1.0	1.0	1.0	1.0
xys		1.0	1.0	1.0	1.0	1.0	1.0
xyt		1.0	1.0	1.0	1.0	1.0	1.0
xyu		1.0	1.0	1.0	1.0	1.0	1.0
xyv			1.0	1.0	1.0	1.0	1.0
xyw		1.0		1.0	1.0	1.0	1.0
xyx		6.0	6.0	6.0	6.0	6.0	6.0
xyy							-123.0
xyz		1.0	1.0	1.0	1.0	1.0	1.0
xzaaa		1.0	1.0	1.0	1.0	1.0	1.0
xzaab		1.0	1.0	1.0	1.0	1.0	1.0
xzaac		1.0	1.0	1.0	1.0	1.0	1.0
xzaad		2.0		2.0	2.0	2.0	2.0
xzaae		1001.0	1001.0	1001.0	1001.0	1001.0	1001.0
xzaaf		0.0	0.0	0.0	0.0	0.0	0.0
xzaag				163.0	163.0	163.0	163.0
xzaah		0.0	0.0	0.0	0.0	0.0	0.0
xzaai		1.0	1.0	1.0	1.0	1.0	1.0
xzaaj		0.0	0.0	0.0	0.0	0.0	0.0
xzaak		1.0	1.0	1.0	1.0	1.0	1.0
xzaal		1.0		1.0	1.0	1.0	1.0
xzaam		0.0	0.0	0.0	0.0	0.0	0.0
xzaan				1.0	1.0	1.0	1.0
xzaao		1.0	1.0	1.0	1.0	1.0	1.0
xzaap		1.0	1.0	1.0	1.0	1.0	1.0
xzaaq				1.0	1.0	1.0	1.0
xzaar		1.0		1.0	1.0	1.0	1.0
xzaas		1.0	1.0	1.0	1.0	1.0	1.0
xzaat		2.0		2.0	2.0	2.0	2.0
xzaau			1.0	1.0	1.0	1.0	1.0
xzaav		1001.0	1001.0	1001.0	1001.0	1001.0	1001.0
xzaaw			1.0	1.0	1.0	1.0	1.0
xzaax			1.0	1.0	1.0	1.0	1.0
xzaay		1.0	1.0	1.0	1.0	1.0	1.0
xzaaz		0.0	0.0	0.0	0.0	0.0	0.0
xzaba		1.0	1.0	1.0	1.0	1.0	1.0
xzabb		1.0		1.0	1.0	1.0	1.0
xzabc	1.0	1.0	1.0	1.0	1.0	1.0	1.0
xzabd				18.0	18.0	18.0	18.0
xzabe	1.0	1.0	1.0	1.0	1.0	1.0	1.0
xzabf		18.0		18.0	18.0	18.0	18.0
xzabg		1.0	1.0	1.0	1.0	1.0	1.0
xzabh		1.0	1.0	1.0	1.0	1.0	1.0
xzabi			1.0	1.0	1.0	1.0	1.0
xzabj		0.0	0.0	0.0	0.0	0.0	0.0
xzabk							-123.0
xzabl			1.0	1.0	1.0	1.0	1.0
xzabm		1.0	1.0	1.0	1.0	1.0	1.0
xzabn		1.0	1.0	1.0	1.0	1.0	1.0
xzabo		1.0	1.0	1.0	1.0	1.0	1.0
xzabp		1.0	1.0	1.0	1.0	1.0	1.0
xzabq		1.0	1.0	1.0	1.0	1.0	1.0
xzabr		1.0	1.0	1.0	1.0	1.0	1.0
xzabs		1.0	1.0	1.0	1.0	1.0	1.0
xzabt		1.0	1.0	1.0	1.0	1.0	1.0
xzabu		0.0	0.0	0.0	0.0	0.0	0.0
xzabv		1.0		1.0	1.0	1.0	1.0
xzabw		0.0	0.0	0.0	0.0	0.0	0.0
xzabx		1.0	1.0	1.0	1.0	1.0	1.0
xzaby		1.0	1.0	1.0	1.0	1.0	1.0
xzabz		0.0	0.0	0.0	0.0	0.0	0.0
xzaca	1.0	1.0	1.0	1.0	1.0	1.0	1.0
xzacb		1.0	1.0	1.0	1.0	1.0	1.0
xzacc		18.0		18.0	18.0	18.0	18.0
xzacd		2.0	2.0	2.0	2.0	2.0	2.0
xzace			41.0	41.0	41.0	41.0	41.0
xzacf		1.0		0.0	0.0	0.0	1.0
xzacg		1.0	1.0	1.0	1.0	1.0	1.0
xzach		1.0	1.0	1.0	1.0	1.0	1.0
xzaci		1.0	1.0	1.0	1.0	1.0	1.0
xzacj		0.0	0.0	0.0	0.0	0.0	0.0
xzack		1.0	1.0	1.0	1.0	1.0	1.0
xzacl		1.0	1.0	1.0	1.0	1.0	1.0
xzacm		1.0	1.0	1.0	1.0	1.0	1.0
xzacn		1.0	1.0	1.0	1.0	1.0	1.0
xzaco		1.0	1.0	1.0	1.0	1.0	1.0
xzacp		0.0	0.0	0.0	0.0	0.0	0.0
xzacq		1.0	1.0	1.0	1.0	1.0	1.0
xzacr		1.0	1.0	1.0	1.0	1.0	1.0
xzacs				1.0	1.0	1.0	1.0
xzact		0.0	0.0	0.0	0.0	0.0	0.0
xzacu		1.0	1.0	1.0	1.0	1.0	1.0
xzacv		1.0	1.0	1.0	1.0	1.0	1.0
xzacw		1.0	1.0	1.0	1.0	1.0	1.0
xzacx		1.0	1.0	1.0	1.0	1.0	1.0
xzacy		1.0	1.0	1.0	1.0	1.0	1.0
xzacz		1.0	1.0	1.0	1.0	1.0	1.0
xzada			1.0	1.0	1.0	1.0	1.0
xzadb		0.0	0.0	0.0	0.0	0.0	0.0
xzadc				2.0	2.0	2.0	2.0
xzadd				1.0	1.0	1.0	1.0
xzade		1.0	1.0	1.0	1.0	1.0	1.0
xzadf							-123.0
xzadg		1.0	1.0	1.0	1.0	1.0	1.0
xzadh		1.0	1.0	1.0	1.0	1.0	1.0
xzadi		1.0	1.0	1.0	1.0	1.0	1.0
xzadj		1.0	1.0	1.0	1.0	1.0	1.0
xzadk		1.0	1.0	1.0	1.0	1.0	1.0
xzadl		1.0	1.0	1.0	1.0	1.0	1.0
xzadm		0.0	0.0	0.0	0.0	0.0	0.0
xzadn		5.0		5.0	5.0	5.0	5.0
xzado	0.0	0.0	0.0	0.0	0.0	0.0	0.0
xzadp		0.0	0.0	0.0	0.0	0.0	0.0
xzadq		0.0	0.0	0.0	0.0	0.0	0.0
xzadr		1.0	1.0	1.0	1.0	1.0	1.0
xzads				6.0	6.0	6.0	6.0
xzadt		1.0	1.0	1.0	1.0	1.0	1.0
xzadu		1.0	1.0	1.0	1.0	1.0	1.0
xzadv		1.0	1.0	1.0	1.0	1.0	1.0
xzadw	1.0		1.0	1.0	1.0	1.0	1.0
xzadx		1.0	1.0	1.0	1.0	1.0	1.0
xzady				1.0	1.0	1.0	1.0
xzadz		0.0	0.0	0.0	0.0	0.0	0.0
xzaea		1.0	1.0	1.0	1.0	1.0	1.0
xzaeb	7.0	7.0	7.0	7.0	7.0	7.0	7.0
xzaec			1.0	1.0	1.0	1.0	1.0
xzaed		1.0	1.0	1.0	1.0	1.0	1.0
xzaee		0.0	0.0	0.0	0.0	0.0	0.0
xzaef		1.0	1.0	1.0	1.0	1.0	1.0
xzaeg					1.0	1.0	1.0
xzaeh		1.0	1.0	1.0	1.0	1.0	1.0
xzaei		1.0	1.0	1.0	1.0	1.0	1.0
xzaej		1.0		1.0	1.0	1.0	1.0
xzaek		1.0	1.0	1.0	1.0	1.0	1.0
xzael		1.0	1.0	1.0	1.0	1.0	1.0
xzaem		1.0	1.0	1.0	1.0	1.0	1.0
xzaen				1.0	1.0	1.0	1.0
xzaeo		1.0	1.0	1.0	1.0	1.0	1.0
xzaep		1.0		1.0	1.0	1.0	1.0
xzaeq		1.0	1.0	1.0	1.0	1.0	1.0
xzaer			1.0	1.0	1.0	1.0	1.0
xzaes		1.0	1.0	1.0	1.0	1.0	1.0
xzaet		1.0	1.0	1.0	1.0	1.0	1.0
xzaeu		1.0		1.0	1.0	1.0	1.0
xzaev				1.0	1.0	1.0	1.0
xzaew		1.0	1.0	1.0	1.0	1.0	1.0
xzaex		1.0	1.0	1.0	1.0	1.0	1.0
xzaey				18.0	18.0	18.0	18.0
xzaez		1.0	1.0	1.0	1.0	1.0	1.0
xzafa		1.0	1.0	1.0	1.0	1.0	1.0
xzafb		0.0	0.0	0.0	0.0	0.0	0.0
xzafc		1.0		1.0	1.0	1.0	1.0
xzafd		1.0	1.0	1.0	1.0	1.0	1.0
xzafe		1.0	1.0	1.0	1.0	1.0	1.0
xzaff		1.0	1.0	1.0	1.0	1.0	1.0
xzafg		0.0	0.0	0.0	0.0	0.0	0.0
xzafh		1.0	1.0	1.0	1.0	1.0	1.0
xzafi		1.0	1.0	1.0	1.0	1.0	1.0
xzafj		0.0	0.0	0.0	0.0	0.0	0.0
xzafk		1.0	1.0	1.0	1.0	1.0	1.0
xzafl		0.0	0.0	0.0	0.0	0.0	0.0
xzafm		6.0	6.0	6.0	6.0	6.0	6.0
xzafn			1.0	1.0	1.0	1.0	1.0
xzafo		1.0	1.0	1.0	1.0	1.0	1.0
xzafp		0.0	0.0	0.0	0.0	0.0	0.0
xzafq				1.0	1.0	1.0	1.0
xzafr		0.0	0.0	0.0	0.0	0.0	0.0
xzafs		1.0	1.0	1.0	1.0	1.0	1.0
xzaft		1.0	1.0	1.0	1.0	1.0	1.0
xzafu		1.0	1.0	1.0	1.0	1.0	1.0
xzafv		1.0	1.0	1.0	1.0	1.0	1.0
xzafw		1.0	1.0	1.0	1.0	1.0	1.0
xzafx	0.0	0.0	0.0	0.0	0.0	0.0	0.0
xzafy		1.0	1.0	1.0	1.0	1.0	1.0
xzafz			1.0	1.0	1.0	1.0	1.0
xzaga	0.0	0.0	0.0	0.0	0.0	0.0	0.0
xzagb		0.0	0.0	0.0	0.0	0.0	0.0
xzagc		1.0	1.0	1.0	1.0	1.0	1.0
xzagd		1.0	1.0	1.0	1.0	1.0	1.0
xzage		1.0	1.0	1.0	1.0	1.0	1.0
xzagf				0.0	0.0	0.0	-456.0
xzagg	1.0	1.0	1.0	1.0	1.0	1.0	1.0
xzagh				7.0	7.0	7.0	7.0
xzagi		1.0	1.0	1.0	1.0	1.0	1.0
xzagj		1.0	1.0	1.0	1.0	1.0	1.0
xzagk		1.0	1.0	1.0	1.0	1.0	1.0
xzagl			1.0	1.0	1.0	1.0	1.0
xzagm		1.0	1.0	1.0	1.0	1.0	1.0
xzagn		2.0		2.0	2.0	2.0	2.0
xzago		1.0	1.0	1.0	1.0	1.0	1.0
xzagp				1.0	1.0	1.0	1.0
xzagq		1.0	1.0	1.0	1.0	1.0	1.0
xzagr		1.0	1.0	1.0	1.0	1.0	1.0
xzags			1.0	1.0	1.0	1.0	1.0
xzagt		1.0	1.0	1.0	1.0	1.0	1.0
xzagu				2.0	2.0	2.0	2.0
xzagv		1.0	1.0	1.0	1.0	1.0	1.0
xzagw		1.0	1.0	1.0	1.0	1.0	1.0
xzagx		0.0	0.0	0.0	0.0	0.0	0.0
xzagy			1.0	1.0	1.0	1.0	1.0
xzagz		0.0	0.0	0.0	0.0	0.0	0.0
xzaha			1.0	1.0	1.0	1.0	1.0
xzahb		20.0	20.0	20.0	20.0	20.0	20.0
xzahc				3.0	3.0	3.0	3.0
xzahd		1.0	1.0	1.0	1.0	1.0	1.0
xzahe		1.0	1.0	1.0	1.0	1.0	1.0
xzahf		1.0	1.0	1.0	1.0	1.0	1.0
xzahg		1.0	1.0	1.0	1.0	1.0	1.0
xzahh		1.0	1.0	1.0	1.0	1.0	1.0
xzahi		1.0	1.0	1.0	1.0	1.0	1.0
xzahj				3.0	3.0	3.0	3.0
xzahk		0.0	0.0	0.0	0.0	0.0	0.0
xzahl		1.0	1.0	1.0	1.0	1.0	1.0
xzahm		1.0	1.0	1.0	1.0	1.0	1.0
xzahn		1.0	1.0	1.0	1.0	1.0	1.0
xzaho		1.0	1.0	1.0	1.0	1.0	1.0
xzahp		1.0	1.0	1.0	1.0	1.0	1.0
xzahq		0.0	0.0	0.0	0.0	0.0	0.0
xzahr	1.0	1.0	1.0	1.0	1.0	1.0	1.0
xzahs		1.0	1.0	1.0	1.0	1.0	1.0
xzaht		2.0	2.0	2.0	2.0	2.0	2.0
xzahu		1.0	1.0	1.0	1.0	1.0	1.0
xzahv		1.0		1.0	1.0	1.0	1.0
xzahw		1.0	1.0	1.0	1.0	1.0	1.0
xzahx		0.0	0.0	0.0	0.0	0.0	0.0
xzahy		5.0	5.0	5.0	5.0	5.0	5.0
xzahz		1.0	1.0	1.0	1.0	1.0	1.0
xzaia		1.0	1.0	1.0	1.0	1.0	1.0
xzaib		1.0	1.0	1.0	1.0	1.0	1.0
xzaic		0.0	0.0	0.0	0.0	0.0	0.0
xzaid		2.0		2.0	2.0	2.0	2.0
xzaie		1.0	1.0	1.0	1.0	1.0	1.0
xzaif		1.0	1.0	1.0	1.0	1.0	1.0
xzaig		1.0	1.0	1.0	1.0	1.0	1.0
xzaih		1.0	1.0	1.0	1.0	1.0	1.0
xzaii		1.0	1.0	1.0	1.0	1.0	1.0
xzaij		1.0	1.0	1.0	1.0	1.0	1.0
xzaik		1.0	1.0	1.0	1.0	1.0	1.0
xzail		1.0	1.0	1.0	1.0	1.0	1.0
xzaim		0.0	0.0	0.0	0.0	0.0	0.0
xzain		0.0	0.0	0.0	0.0	0.0	0.0
xzaio			1.0	1.0	1.0	1.0	1.0
xzaip		1.0	1.0	1.0	1.0	1.0	1.0
xzaiq				2.0	2.0	2.0	2.0
xzair		0.0	0.0	0.0	0.0	0.0	0.0
xzais				1.0	1.0	1.0	1.0
xzait				1.0	1.0	1.0	1.0
xzaiu		1.0	1.0	1.0	1.0	1.0	1.0
xzaiv		0.0	0.0	0.0	0.0	0.0	0.0
xzaiw				1.0	1.0	1.0	1.0
xzaix				1.0	1.0	1.0	1.0
xzaiy		1.0	1.0	1.0	1.0	1.0	1.0
xzaiz		0.0	0.0	0.0	0.0	0.0	0.0
xzaja		1.0	1.0	1.0	1.0	1.0	1.0
xzajb		1.0		1.0	1.0	1.0	1.0
xzajc		0.0	0.0	0.0	0.0	0.0	0.0
xzajd				1.0	1.0	1.0	1.0
xzaje		1.0	1.0	1.0	1.0	1.0	1.0
xzajf		1.0	1.0	1.0	1.0	1.0	1.0
xzajg		1.0	1.0	1.0	1.0	1.0	1.0
xzajh		1.0	1.0	1.0	1.0	1.0	1.0
xzaji		1.0	1.0	1.0	1.0	1.0	1.0
xzajj		0.0	0.0	0.0	0.0	0.0	0.0
xzajk		1.0	1.0	1.0	1.0	1.0	1.0
xzajl		4.0	4.0	4.0	4.0	4.0	4.0
xzajm		1.0	1.0	1.0	1.0	1.0	1.0
xzajn			1.0	1.0	1.0	1.0	1.0
xzajo		1001.0	1001.0	1001.0	1001.0	1001.0	1001.0
xzajp		1.0	1.0	1.0	1.0	1.0	1.0
xzajq		1.0	1.0	1.0	1.0	1.0	1.0
xzajr		1001.0	1001.0	1001.0	1001.0	1001.0	1001.0
xzajs		1.0	1.0	1.0	1.0	1.0	1.0
xzajt		0.0	0.0	0.0	0.0	0.0	0.0
xzaju		1.0	1.0	1.0	1.0	1.0	1.0
xzajv		2.0	2.0	2.0	2.0	2.0	2.0
xzajw		0.0	0.0	0.0	0.0	0.0	0.0
xzajx		1.0	1.0	1.0	1.0	1.0	1.0
xzajy		0.0	0.0	0.0	0.0	0.0	0.0
xzajz		1.0	1.0	1.0	1.0	1.0	1.0
xzaka			1.0	1.0	1.0	1.0	1.0
xzakb		1.0	1.0	1.0	1.0	1.0	1.0
xzakc				1.0	1.0	1.0	1.0
xzakd				1.0	1.0	1.0	1.0
xzake		1.0	1.0	1.0	1.0	1.0	1.0
xzakf				1.0	1.0	1.0	1.0
xzakg	0.0	0.0	0.0	0.0	0.0	0.0	0.0
xzakh		0.0	0.0	0.0	0.0	0.0	0.0
xzaki		1.0	1.0	1.0	1.0	1.0	1.0
xzakj		0.0	0.0	0.0	0.0	0.0	0.0
xzakk		0.0	0.0	0.0	0.0	0.0	0.0
xzakl		1.0	1.0	1.0	1.0	1.0	1.0
xzakm		2.0	2.0	2.0	2.0	2.0	2.0
xzakn		1.0		1.0	1.0	1.0	1.0
xzako		0.0	0.0	0.0	0.0	0.0	0.0
xzakp		0.0	0.0	0.0	0.0	0.0	0.0
xzakq		2.0	2.0	2.0	2.0	2.0	2.0
xzakr		1.0	1.0	1.0	1.0	1.0	1.0
xzaks		1.0	1.0	1.0	1.0	1.0	1.0
xzakt		1.0	1.0	1.0	1.0	1.0	1.0
xzaku		1.0	1.0	1.0	1.0	1.0	1.0
xzakv		1.0	1.0	1.0	1.0	1.0	1.0
xzakw		1.0	1.0	1.0	1.0	1.0	1.0
xzakx		0.0	0.0	0.0	0.0	0.0	0.0
xzaky		1.0	1.0	1.0	1.0	1.0	1.0
xzakz		0.0	0.0	0.0	0.0	0.0	0.0
xzala		1.0	1.0	1.0	1.0	1.0	1.0
xzalb		1.0		1.0	1.0	1.0	1.0
xzalc							-123.0
xzald		1.0	1.0	1.0	1.0	1.0	1.0
xzale		1.0	1.0	1.0	1.0	1.0	1.0
xzalf		0.0	0.0	0.0	0.0	0.0	0.0
xzalg		0.0	0.0	0.0	0.0	0.0	0.0
xzalh		1.0	1.0	1.0	1.0	1.0	1.0
xzali		1.0		1.0	1.0	1.0	1.0
xzalj		1.0	1.0	1.0	1.0	1.0	1.0
xzalk		1.0		1.0	1.0	1.0	1.0
xzall		1.0	1.0	1.0	1.0	1.0	1.0
xzalm		1.0	1.0	1.0	1.0	1.0	1.0
xzaln	0.0			0.0	0.0	0.0	0.0
xzalo	1.0		1.0	1.0	1.0	1.0	1.0
xzalp		0.0	0.0	0.0	0.0	0.0	0.0
xzalq			20.0	20.0	20.0	20.0	20.0
xzalr		0.0	0.0	0.0	0.0	0.0	0.0
xzals			1.0	1.0	1.0	1.0	1.0
xzalt		0.0	0.0	0.0	0.0	0.0	0.0
xzalu		1.0		1.0	1.0	1.0	1.0
xzalv		0.0	0.0	0.0	0.0	0.0	0.0
xzalw				1.0	1.0	1.0	1.0
xzalx		1.0	1.0	1.0	1.0	1.0	1.0
xzaly		1.0	1.0	1.0	1.0	1.0	1.0
xzalz				2.0	2.0	2.0	2.0
xzama		0.0	0.0	0.0	0.0	0.0	0.0
xzamb				1.0	1.0	1.0	1.0
xzamc		1.0		1.0	1.0	1.0	1.0
xzamd		1.0	1.0	1.0	1.0	1.0	1.0
xzame		1.0	1.0	1.0	1.0	1.0	1.0
xzamf				14.0	14.0	14.0	14.0
xzamg		1.0	1.0	1.0	1.0	1.0	1.0
xzamh		1.0	1.0	1.0	1.0	1.0	1.0
xzami		1.0	1.0	1.0	1.0	1.0	1.0
xzamj		1.0	1.0	1.0	1.0	1.0	1.0
xzamk		1.0	1.0	1.0	1.0	1.0	1.0
xzaml				0.0	0.0	0.0	-456.0
xzamm		1.0	1.0	1.0	1.0	1.0	1.0
xzamn		1.0	1.0	1.0	1.0	1.0	1.0
xzamo		4.0	4.0	4.0	4.0	4.0	4.0
xzamp				0.0	0.0	0.0	-456.0
xzamq							-123.0
xzamr		1.0	1.0	1.0	1.0	1.0	1.0
xzams				0.0	0.0	0.0	-456.0
xzamt		1.0	1.0	1.0	1.0	1.0	1.0
xzamu		1.0	1.0	1.0	1.0	1.0	1.0
xzamv		1.0	1.0	1.0	1.0	1.0	1.0
xzamw		1.0	1.0	1.0	1.0	1.0	1.0
xzamx		0.0	0.0	0.0	0.0	0.0	0.0
xzamy		1.0	1.0	1.0	1.0	1.0	1.0
xzamz		1.0	1.0	1.0	1.0	1.0	1.0
xzana		1.0	1.0	1.0	1.0	1.0	1.0
xzanb		1.0	1.0	1.0	1.0	1.0	1.0
xzanc		1.0	1.0	1.0	1.0	1.0	1.0
xzand		1.0		1.0	1.0	1.0	1.0
xzane			1.0	1.0	1.0	1.0	1.0
xzanf		9.0		9.0	9.0	9.0	9.0
xzang		0.0	0.0	0.0	0.0	0.0	0.0
xzanh				1.0	1.0	1.0	1.0
xzani		1.0		1.0	1.0	1.0	1.0
xzanj		1.0	1.0	1.0	1.0	1.0	1.0
xzank		1.0	1.0	1.0	1.0	1.0	1.0
xzanl		1.0	1.0	0.0	0.0	0.0	1.0
xzanm		1.0		1.0	1.0	1.0	1.0
xzann		1.0	1.0	1.0	1.0	1.0	1.0
xzano		1.0	1.0	1.0	1.0	1.0	1.0
xzanp		2.0	2.0	2.0	2.0	2.0	2.0
xzanq		1.0	1.0	1.0	1.0	1.0	1.0
xzanr		3.0	3.0	3.0	3.0	3.0	3.0
xzans				1.0	1.0	1.0	1.0
xzant		1.0	1.0	1.0	1.0	1.0	1.0
xzanu				18.0	18.0	18.0	18.0
xzanv		1.0		1.0	1.0	1.0	1.0
xzanw		0.0	0.0	0.0	0.0	0.0	0.0
xzanx		0.0	0.0	0.0	0.0	0.0	0.0
xzany		1.0	1.0	1.0	1.0	1.0	1.0
xzanz		0.0	0.0	0.0	0.0	0.0	0.0
xzaoa		1.0	1.0	1.0	1.0	1.0	1.0
xzaob		1.0	1.0	1.0	1.0	1.0	1.0
xzaoc		1.0	1.0	1.0	1.0	1.0	1.0
xzaod		1.0	1.0	1.0	1.0	1.0	1.0
xzaoe		0.0	0.0	0.0	0.0	0.0	0.0
xzaof		1.0	1.0	1.0	1.0	1.0	1.0
xzaog		1.0	1.0	1.0	1.0	1.0	1.0
xzaoh		1.0	1.0	1.0	1.0	1.0	1.0
xzaoi		1.0	1.0	1.0	1.0	1.0	1.0
xzaoj		2.0		2.0	2.0	2.0	2.0
xzaok		1.0	1.0	1.0	1.0	1.0	1.0
xzaol		0.0	0.0	0.0	0.0	0.0	0.0
xzaom				4.0	4.0	4.0	4.0
xzaon				20.0	20.0	20.0	-234.0
xzaoo		1.0	1.0	1.0	1.0	1.0	1.0
xzaop		1.0	1.0	1.0	1.0	1.0	1.0
xzaoq		1.0	1.0	1.0	1.0	1.0	1.0
xzaor		0.0	0.0	0.0	0.0	0.0	0.0
xzaos		1.0	1.0	1.0	1.0	1.0	1.0
xzaot		1.0	1.0	1.0	1.0	1.0	1.0
xzaou		1.0	1.0	1.0	1.0	1.0	1.0
xzaov				14.0	14.0	14.0	14.0
xzaow		1.0	1.0	1.0	1.0	1.0	1.0
xzaox		1.0	1.0	1.0	1.0	1.0	1.0
xzaoy		1.0	1.0	1.0	1.0	1.0	1.0
xzaoz				3.0	3.0	3.0	3.0
xzapa		0.0	0.0	0.0	0.0	0.0	0.0
xzapb		0.0	0.0	0.0	0.0	0.0	0.0
xzapc		1.0	1.0	1.0	1.0	1.0	1.0
xzapd		1.0		1.0	1.0	1.0	1.0
xzape				2.0	2.0	2.0	2.0
xzapf		0.0	0.0	0.0	0.0	0.0	0.0
xzapg			1.0	1.0	1.0	1.0	1.0
xzaph		1.0	1.0	1.0	1.0	1.0	1.0
xzapi		1.0	1.0	1.0	1.0	1.0	1.0
xzapj				0.0	0.0	0.0	-456.0
xzapk		0.0	0.0	0.0	0.0	0.0	0.0
xzapl		3.0	3.0	3.0	3.0	3.0	3.0
xzapm				1.0	1.0	1.0	1.0
xzapn		1.0		1.0	1.0	1.0	1.0
xzapo			1.0	1.0	1.0	1.0	1.0
xzapp				1.0	1.0	1.0	1.0
xzapq		1.0	1.0	1.0	1.0	1.0	1.0
xzapr		1.0	1.0	1.0	1.0	1.0	1.0
xzaps				3.0	3.0	3.0	3.0
xzapt		1.0	1.0	1.0	1.0	1.0	1.0
xzapu		1.0	1.0	1.0	1.0	1.0	1.0
xzapv		0.0	0.0	0.0	0.0	0.0	0.0
xzapw				2.0	2.0	2.0	2.0
xzapx							-123.0
xzapy		0.0	0.0	0.0	0.0	0.0	0.0
xzapz		2.0	2.0	2.0	2.0	2.0	2.0
xzaqa		1.0	1.0	1.0	1.0	1.0	1.0
xzaqb			1.0	1.0	1.0	1.0	1.0
xzaqc							-123.0
xzaqd		1.0	1.0	1.0	1.0	1.0	1.0
xzaqe		1.0	1.0	1.0	1.0	1.0	1.0
xzaqf		1.0	1.0	1.0	1.0	1.0	1.0
xzaqg		2.0	2.0	2.0	2.0	2.0	2.0
xzaqh		0.0	0.0	0.0	0.0	0.0	0.0
xzaqi			1.0	1.0	1.0	1.0	1.0
xzaqj		1.0		1.0	1.0	1.0	1.0
xzaqk		0.0	0.0	0.0	0.0	0.0	0.0
xzaql		1.0	1.0	1.0	1.0	1.0	1.0
xzaqm		1.0	1.0	1.0	1.0	1.0	1.0
xzaqn				1.0	1.0	1.0	1.0
xzaqo		1.0		1.0	1.0	1.0	1.0
xzaqp		0.0	0.0	0.0	0.0	0.0	0.0
xzaqq		2.0	2.0	2.0	2.0	2.0	2.0
xzaqr		1.0	1.0	1.0	1.0	1.0	1.0
xzaqs		1.0	1.0	1.0	1.0	1.0	1.0
xzaqt			1.0	1.0	1.0	1.0	1.0
xzaqu		1.0	1.0	1.0	1.0	1.0	1.0
xzaqv	1.0	1.0	1.0	1.0	1.0	1.0	1.0
xzaqw		0.0	0.0	0.0	0.0	0.0	0.0
xzaqx		0.0	0.0	0.0	0.0	0.0	0.0
xzaqy				1.0	1.0	1.0	1.0
xzaqz		1.0	1.0	1.0	1.0	1.0	1.0
xzara		1.0		1.0	1.0	1.0	1.0
xzarb		1.0		1.0	1.0	1.0	1.0
xzarc		3.0	3.0	3.0	3.0	3.0	3.0
xzard				1.0	1.0	1.0	1.0
xzare		1.0	1.0	1.0	1.0	1.0	1.0
xzarf		0.0	0.0	0.0	0.0	0.0	0.0
xzarg		1.0	1.0	1.0	1.0	1.0	1.0
xzarh		0.0	0.0	0.0	0.0	0.0	0.0
xzari		1.0	1.0	1.0	1.0	1.0	1.0
xzarj		0.0	0.0	0.0	0.0	0.0	0.0
xzark		1.0		1.0	1.0	1.0	1.0
xzarl		0.0	0.0	0.0	0.0	0.0	0.0
xzarm			1.0	1.0	1.0	1.0	1.0
xzarn			1.0	1.0	1.0	1.0	1.0
xzaro		0.0	0.0	0.0	0.0	0.0	0.0
xzarp		1.0	1.0	1.0	1.0	1.0	1.0
xzarq		1.0	1.0	1.0	1.0	1.0	1.0
xzarr		1.0	1.0	1.0	1.0	1.0	1.0
xzars		1.0	1.0	1.0	1.0	1.0	1.0
xzart				2.0	2.0	2.0	2.0
xzaru		1.0		1.0	1.0	1.0	1.0
xzarv		1.0	1.0	1.0	1.0	1.0	1.0
xzarw			1.0	1.0	1.0	1.0	1.0
xzarx		2.0	2.0	2.0	2.0	2.0	2.0
xzary		1.0	1.0	1.0	1.0	1.0	1.0
xzarz		1.0	1.0	1.0	1.0	1.0	1.0
xzasa		1.0	1.0	1.0	1.0	1.0	1.0
xzasb		1.0		1.0	1.0	1.0	1.0
xzasc		1.0	1.0	0.0	0.0	0.0	1.0
xzasd		1.0	1.0	1.0	1.0	1.0	1.0
xzase		1.0		1.0	1.0	1.0	1.0
xzasf				1.0	1.0	1.0	1.0
xzasg		1.0	1.0	1.0	1.0	1.0	1.0
xzash		1.0		1.0	1.0	1.0	1.0
xzasi			1.0	1.0	1.0	1.0	1.0
xzasj				2.0	2.0	2.0	2.0
xzask		0.0	0.0	0.0	0.0	0.0	0.0
xzasl		1.0	1.0	1.0	1.0	1.0	1.0
xzasm		1.0	1.0	1.0	1.0	1.0	1.0
xzasn		1.0	1.0	1.0	1.0	1.0	1.0
xzaso				1.0	1.0	1.0	1.0
xzasp		0.0	0.0	0.0	0.0	0.0	0.0
xzasq		1.0	1.0	1.0	1.0	1.0	1.0
xzasr		1.0	1.0	1.0	1.0	1.0	1.0
xzass				1.0	1.0	1.0	1.0
xzast			1.0	1.0	1.0	1.0	1.0
xzasu		1.0	1.0	1.0	1.0	1.0	1.0
xzasv		0.0	0.0	0.0	0.0	0.0	0.0
xzasw		1.0	1.0	1.0	1.0	1.0	1.0
xzasx				1.0	1.0	1.0	1.0
xzasy		6.0		6.0	6.0	6.0	6.0
xzasz		1.0	1.0	1.0	1.0	1.0	1.0
xzata		3.0		3.0	3.0	3.0	3.0
xzatb		1.0	1.0	1.0	1.0	1.0	1.0
xzatc		1.0	1.0	1.0	1.0	1.0	1.0
xzatd		1.0	1.0	1.0	1.0	1.0	1.0
xzate		4.0	4.0	4.0	4.0	4.0	4.0
xzatf			1.0	1.0	1.0	1.0	1.0
xzatg		1.0	1.0	1.0	1.0	1.0	1.0
xzath			1.0	1.0	1.0	1.0	1.0
xzati		3.0	3.0	3.0	3.0	3.0	3.0
xzatj		1.0	1.0	1.0	1.0	1.0	1.0
xzatk		0.0	0.0	0.0	0.0	0.0	0.0
xzatl		1.0	1.0	1.0	1.0	1.0	1.0
xzatm		1.0	1.0	1.0	1.0	1.0	1.0
xzatn		1.0	1.0	1.0	1.0	1.0	1.0
xzato			1.0	1.0	1.0	1.0	1.0
xzatp		0.0	0.0	0.0	0.0	0.0	0.0
xzatq		1.0	1.0	1.0	1.0	1.0	1.0
xzatr		1.0	1.0	1.0	1.0	1.0	1.0
xzats		1.0	1.0	1.0	1.0	1.0	1.0
xzatt				1.0	1.0	1.0	1.0
xzatu		0.0	0.0	0.0	0.0	0.0	0.0
xzatv		1.0		1.0	1.0	1.0	1.0
xzatw		1.0	1.0	1.0	1.0	1.0	1.0
xzatx		1.0	1.0	1.0	1.0	1.0	1.0
xzaty		1.0	1.0	1.0	1.0	1.0	1.0
xzatz		0.0	0.0	0.0	0.0	0.0	0.0
xzaua		1.0	1.0	1.0	1.0	1.0	1.0
xzaub	0.0	1.0	1.0	0.0	0.0	0.0	1.0
xzauc				1.0	1.0	1.0	1.0
xzaud				1.0	1.0	1.0	1.0
xzaue		1.0	1.0	1.0	1.0	1.0	1.0
xzauf		1.0		1.0	1.0	1.0	1.0
xzaug		1.0	1.0	1.0	1.0	1.0	1.0
xzauh		1.0	1.0	1.0	1.0	1.0	1.0
xzaui		0.0	0.0	0.0	0.0	0.0	0.0
xzauj		1.0	1.0	1.0	1.0	1.0	1.0
xzauk		18.0		18.0	18.0	18.0	18.0
xzaul				7.0	7.0	7.0	7.0
xzaum		1.0	1.0	1.0	1.0	1.0	1.0
xzaun		1.0	1.0	1.0	1.0	1.0	1.0
xzauo		0.0	0.0	0.0	0.0	0.0	0.0
xzaup		0.0	0.0	0.0	0.0	0.0	0.0
xzauq		1.0	1.0	1.0	1.0	1.0	1.0
xzaur		1.0	1.0	1.0	1.0	1.0	1.0
xzaus		1.0	1.0	1.0	1.0	1.0	1.0
xzaut				3.0	3.0	3.0	3.0
xzauu				1.0	1.0	1.0	1.0
xzauv		1.0		1.0	1.0	1.0	1.0
xzauw		1.0	1.0	1.0	1.0	1.0	1.0
xzaux				0.0	0.0	0.0	-456.0
xzauy		1.0	1.0	1.0	1.0	1.0	1.0
xzauz				1.0	1.0	1.0	1.0
xzava				2.0	2.0	2.0	2.0
xzavb		1001.0	1001.0	1001.0	1001.0	1001.0	1001.0
xzavc		0.0	0.0	0.0	0.0	0.0	0.0
xzavd		1.0	1.0	1.0	1.0	1.0	1.0
xzave		1.0	1.0	1.0	1.0	1.0	1.0
xzavf		0.0	0.0	0.0	0.0	0.0	0.0
xzavg		1.0	1.0	1.0	1.0	1.0	1.0
xzavh		1.0	1.0	1.0	1.0	1.0	1.0
xzavi				0.0	0.0	0.0	-456.0
xzavj		1.0	1.0	1.0	1.0	1.0	1.0
xzavk				1.0	1.0	1.0	1.0
xzavl		1.0	1.0	1.0	1.0	1.0	1.0
xzavm		1.0	1.0	1.0	1.0	1.0	1.0
xzavn		1.0	1.0	1.0	1.0	1.0	1.0
xzavo		1.0	1.0	1.0	1.0	1.0	1.0
xzavp		1.0		1.0	1.0	1.0	1.0
xzavq		1.0	1.0	1.0	1.0	1.0	1.0
xzavr		0.0	0.0	0.0	0.0	0.0	0.0
xzavs		0.0	0.0	0.0	0.0	0.0	0.0
xzavt				1.0	1.0	1.0	1.0
xzavu		1.0	1.0	1.0	1.0	1.0	1.0
xzavv		0.0	0.0	0.0	0.0	0.0	0.0
xzavw				1.0	1.0	1.0	1.0
xzavx		1.0	1.0	1.0	1.0	1.0	1.0
xzavy		2.0	2.0	2.0	2.0	2.0	2.0
xzavz		2.0	2.0	2.0	2.0	2.0	2.0
xzawa				1.0	1.0	1.0	1.0
