query_name	thread_type	success	errors	timeouts	median_runtime
C1/C1_split0.sparql	stress	0.0	0.0	5.0	300.0
C1/C1_split1.sparql	stress	0.0	0.0	5.0	300.0
C1/C1_split1.sparql	warmup	0.0	0.0	1.0	300.0
C1/C1_split10.sparql	stress	0.0	0.0	5.0	300.0
C1/C1_split10.sparql	warmup	0.0	0.0	1.0	300.0
C1/C1_split11.sparql	stress	0.0	0.0	5.0	300.0
C1/C1_split11.sparql	warmup	0.0	0.0	1.0	300.0
C1/C1_split12.sparql	stress	0.0	0.0	5.0	300.0
C1/C1_split12.sparql	warmup	0.0	0.0	1.0	300.0
C1/C1_split13.sparql	stress	0.0	0.0	5.0	300.0
C1/C1_split14.sparql	stress	0.0	0.0	5.0	300.0
C1/C1_split15.sparql	stress	0.0	0.0	5.0	300.0
C1/C1_split15.sparql	warmup	0.0	0.0	1.0	300.0
C1/C1_split16.sparql	stress	0.0	0.0	5.0	300.0
C1/C1_split17.sparql	stress	0.0	0.0	5.0	300.0
C1/C1_split17.sparql	warmup	0.0	0.0	1.0	300.0
C1/C1_split18.sparql	stress	0.0	0.0	5.0	300.0
C1/C1_split18.sparql	warmup	0.0	0.0	1.0	300.0
C1/C1_split19.sparql	stress	0.0	0.0	5.0	300.0
C1/C1_split2.sparql	stress	0.0	0.0	5.0	300.0
C1/C1_split3.sparql	stress	0.0	0.0	5.0	300.0
C1/C1_split4.sparql	stress	0.0	0.0	5.0	300.0
C1/C1_split5.sparql	stress	0.0	0.0	5.0	300.0
C1/C1_split5.sparql	warmup	0.0	0.0	1.0	300.0
C1/C1_split6.sparql	stress	0.0	0.0	5.0	300.0
C1/C1_split6.sparql	warmup	0.0	0.0	1.0	300.0
C1/C1_split7.sparql	stress	0.0	0.0	5.0	300.0
C1/C1_split8.sparql	stress	0.0	0.0	5.0	300.0
C1/C1_split9.sparql	stress	0.0	0.0	5.0	300.0
C2/C2_split0.sparql	stress	0.0	0.0	5.0	300.0
C2/C2_split0.sparql	warmup	0.0	0.0	1.0	300.0
C2/C2_split1.sparql	stress	0.0	0.0	5.0	300.0
C2/C2_split1.sparql	warmup	0.0	0.0	1.0	300.0
C2/C2_split10.sparql	stress	0.0	0.0	5.0	300.0
C2/C2_split10.sparql	warmup	0.0	0.0	1.0	300.0
C2/C2_split11.sparql	stress	0.0	0.0	5.0	300.0
C2/C2_split11.sparql	warmup	0.0	0.0	1.0	300.0
C2/C2_split12.sparql	stress	0.0	0.0	5.0	300.0
C2/C2_split12.sparql	warmup	0.0	0.0	1.0	300.0
C2/C2_split13.sparql	stress	0.0	0.0	5.0	300.0
C2/C2_split13.sparql	warmup	0.0	0.0	1.0	300.0
C2/C2_split14.sparql	stress	0.0	0.0	5.0	300.0
C2/C2_split14.sparql	warmup	0.0	0.0	1.0	300.0
C2/C2_split15.sparql	stress	0.0	0.0	5.0	300.0
C2/C2_split15.sparql	warmup	0.0	0.0	1.0	300.0
C2/C2_split16.sparql	stress	0.0	0.0	5.0	300.0
C2/C2_split17.sparql	stress	0.0	0.0	5.0	300.0
C2/C2_split17.sparql	warmup	0.0	0.0	1.0	300.0
C2/C2_split18.sparql	stress	0.0	0.0	5.0	300.0
C2/C2_split19.sparql	stress	0.0	0.0	5.0	300.0
C2/C2_split2.sparql	stress	0.0	0.0	5.0	300.0
C2/C2_split2.sparql	warmup	0.0	0.0	1.0	300.0
C2/C2_split3.sparql	stress	0.0	0.0	5.0	300.0
C2/C2_split3.sparql	warmup	0.0	0.0	1.0	300.0
C2/C2_split4.sparql	stress	0.0	0.0	5.0	300.0
C2/C2_split4.sparql	warmup	0.0	0.0	1.0	300.0
C2/C2_split5.sparql	stress	0.0	0.0	5.0	300.0
C2/C2_split5.sparql	warmup	0.0	0.0	1.0	300.0
C2/C2_split6.sparql	stress	0.0	0.0	5.0	300.0
C2/C2_split7.sparql	stress	0.0	0.0	5.0	300.0
C2/C2_split7.sparql	warmup	0.0	0.0	1.0	300.0
C2/C2_split8.sparql	stress	0.0	0.0	5.0	300.0
C2/C2_split8.sparql	warmup	0.0	0.0	1.0	300.0
C2/C2_split9.sparql	stress	0.0	0.0	5.0	300.0
C2/C2_split9.sparql	warmup	0.0	0.0	1.0	300.0
C3/C3_split0.sparql	stress	0.0	0.0	5.0	300.0
C3/C3_split0.sparql	warmup	0.0	0.0	1.0	300.0
C3/C3_split1.sparql	stress	0.0	0.0	5.0	300.0
C3/C3_split1.sparql	warmup	0.0	0.0	1.0	300.0
C3/C3_split10.sparql	stress	0.0	0.0	5.0	300.0
C3/C3_split10.sparql	warmup	0.0	0.0	1.0	300.0
C3/C3_split11.sparql	stress	0.0	0.0	5.0	300.0
C3/C3_split11.sparql	warmup	0.0	0.0	1.0	300.0
C3/C3_split12.sparql	stress	0.0	0.0	5.0	300.0
C3/C3_split12.sparql	warmup	0.0	0.0	1.0	300.0
C3/C3_split13.sparql	stress	0.0	0.0	5.0	300.0
C3/C3_split13.sparql	warmup	0.0	0.0	1.0	300.0
C3/C3_split14.sparql	stress	0.0	0.0	5.0	300.0
C3/C3_split14.sparql	warmup	0.0	0.0	1.0	300.0
C3/C3_split15.sparql	stress	0.0	0.0	5.0	300.0
C3/C3_split15.sparql	warmup	0.0	0.0	1.0	300.0
C3/C3_split16.sparql	stress	0.0	0.0	5.0	300.0
C3/C3_split16.sparql	warmup	0.0	0.0	1.0	300.0
C3/C3_split17.sparql	stress	0.0	0.0	5.0	300.0
C3/C3_split17.sparql	warmup	0.0	0.0	1.0	300.0
C3/C3_split18.sparql	stress	0.0	0.0	5.0	300.0
C3/C3_split18.sparql	warmup	0.0	0.0	1.0	300.0
C3/C3_split19.sparql	stress	0.0	0.0	5.0	300.0
C3/C3_split19.sparql	warmup	0.0	0.0	1.0	300.0
C3/C3_split2.sparql	stress	0.0	0.0	5.0	300.0
C3/C3_split3.sparql	stress	0.0	0.0	5.0	300.0
C3/C3_split3.sparql	warmup	0.0	0.0	1.0	300.0
C3/C3_split4.sparql	stress	0.0	0.0	5.0	300.0
C3/C3_split4.sparql	warmup	0.0	0.0	1.0	300.0
C3/C3_split5.sparql	stress	0.0	0.0	5.0	300.0
C3/C3_split5.sparql	warmup	0.0	0.0	1.0	300.0
C3/C3_split6.sparql	stress	0.0	0.0	5.0	300.0
C3/C3_split6.sparql	warmup	0.0	0.0	1.0	300.0
C3/C3_split7.sparql	stress	0.0	0.0	5.0	300.0
C3/C3_split7.sparql	warmup	0.0	0.0	1.0	300.0
C3/C3_split8.sparql	stress	0.0	0.0	5.0	300.0
C3/C3_split8.sparql	warmup	0.0	0.0	1.0	300.0
C3/C3_split9.sparql	stress	0.0	0.0	5.0	300.0
C3/C3_split9.sparql	warmup	0.0	0.0	1.0	300.0
F2/F2_split1.sparql	stress	3.0	0.0	2.0	282.413603849
F2/F2_split10.sparql	stress	4.0	0.0	1.0	287.786069605
F2/F2_split14.sparql	stress	4.0	0.0	1.0	24.747398541
F2/F2_split15.sparql	stress	4.0	0.0	1.0	117.847256678
F2/F2_split17.sparql	stress	1.0	0.0	4.0	300.0
F2/F2_split18.sparql	stress	4.0	0.0	1.0	264.30027755099997
F2/F2_split5.sparql	stress	3.0	0.0	2.0	293.46086819
F2/F2_split6.sparql	stress	4.0	0.0	1.0	215.609138737
F2/F2_split7.sparql	stress	0.0	0.0	5.0	300.0
F2/F2_split8.sparql	stress	3.0	0.0	2.0	24.830465486999998
F2/F2_split9.sparql	stress	3.0	0.0	2.0	234.210603983
F3/F3_split1.sparql	stress	0.0	0.0	5.0	300.0
F3/F3_split1.sparql	warmup	0.0	0.0	1.0	300.0
F3/F3_split10.sparql	stress	2.0	0.0	3.0	300.0
F3/F3_split11.sparql	stress	0.0	0.0	5.0	300.0
F3/F3_split12.sparql	stress	0.0	0.0	5.0	300.0
F3/F3_split13.sparql	stress	0.0	0.0	5.0	300.0
F3/F3_split13.sparql	warmup	0.0	0.0	1.0	300.0
F3/F3_split14.sparql	stress	0.0	0.0	5.0	300.0
F3/F3_split15.sparql	stress	0.0	0.0	5.0	300.0
F3/F3_split16.sparql	stress	0.0	0.0	5.0	300.0
F3/F3_split18.sparql	stress	0.0	0.0	5.0	300.0
F3/F3_split19.sparql	stress	0.0	0.0	5.0	300.0
F3/F3_split2.sparql	stress	0.0	0.0	5.0	300.0
F3/F3_split3.sparql	stress	0.0	0.0	5.0	300.0
F3/F3_split4.sparql	stress	0.0	0.0	5.0	300.0
F3/F3_split5.sparql	stress	0.0	0.0	5.0	300.0
F3/F3_split6.sparql	stress	0.0	0.0	5.0	300.0
F3/F3_split7.sparql	stress	0.0	0.0	5.0	300.0
F3/F3_split8.sparql	stress	0.0	0.0	5.0	300.0
F3/F3_split9.sparql	stress	0.0	0.0	5.0	300.0
F4/F4_split0.sparql	stress	0.0	0.0	5.0	300.0
F4/F4_split1.sparql	stress	0.0	0.0	5.0	300.0
F4/F4_split10.sparql	stress	1.0	0.0	4.0	300.0
F4/F4_split11.sparql	stress	1.0	0.0	4.0	300.0
F4/F4_split12.sparql	stress	2.0	0.0	3.0	300.0
F4/F4_split13.sparql	stress	2.0	0.0	3.0	300.0
F4/F4_split14.sparql	stress	2.0	0.0	3.0	300.0
F4/F4_split15.sparql	stress	0.0	0.0	5.0	300.0
F4/F4_split16.sparql	stress	0.0	0.0	5.0	300.0
F4/F4_split17.sparql	stress	1.0	0.0	4.0	300.0
F4/F4_split18.sparql	stress	1.0	0.0	4.0	300.0
F4/F4_split19.sparql	stress	3.0	0.0	2.0	222.365077912
F4/F4_split2.sparql	stress	0.0	0.0	5.0	300.0
F4/F4_split3.sparql	stress	1.0	0.0	4.0	300.0
F4/F4_split4.sparql	stress	1.0	0.0	4.0	300.0
F4/F4_split5.sparql	stress	3.0	0.0	2.0	266.720536258
F4/F4_split6.sparql	stress	3.0	0.0	2.0	279.69415490299997
F4/F4_split7.sparql	stress	4.0	0.0	1.0	267.05282883
F4/F4_split8.sparql	stress	1.0	0.0	4.0	300.0
F4/F4_split9.sparql	stress	2.0	0.0	3.0	300.0
S5/S5_split0.sparql	stress	1.0	0.0	4.0	300.0
S5/S5_split10.sparql	stress	2.0	0.0	3.0	300.0
S5/S5_split12.sparql	stress	0.0	0.0	5.0	300.0
S5/S5_split13.sparql	stress	3.0	0.0	2.0	279.290143374
S5/S5_split14.sparql	stress	2.0	0.0	3.0	300.0
S5/S5_split16.sparql	stress	0.0	0.0	5.0	300.0
S5/S5_split17.sparql	stress	0.0	0.0	5.0	300.0
S5/S5_split18.sparql	stress	1.0	0.0	4.0	300.0
S5/S5_split19.sparql	stress	0.0	0.0	5.0	300.0
S5/S5_split2.sparql	stress	1.0	0.0	4.0	300.0
S5/S5_split3.sparql	stress	2.0	0.0	3.0	300.0
S5/S5_split4.sparql	stress	1.0	0.0	4.0	300.0
S5/S5_split5.sparql	stress	1.0	0.0	4.0	300.0
S5/S5_split6.sparql	stress	2.0	0.0	3.0	300.0
S5/S5_split7.sparql	stress	0.0	0.0	5.0	300.0
S5/S5_split8.sparql	stress	0.0	0.0	5.0	300.0
S5/S5_split9.sparql	stress	2.0	0.0	3.0	300.0
C1/C1_split0.sparql	warmup	1.0	0.0	0.0	242.599836302
C1/C1_split13.sparql	warmup	1.0	0.0	0.0	239.78533884799998
C1/C1_split14.sparql	warmup	1.0	0.0	0.0	242.95782983700002
C1/C1_split16.sparql	warmup	1.0	0.0	0.0	275.35584254500003
C1/C1_split19.sparql	warmup	1.0	0.0	0.0	286.616783687
C1/C1_split2.sparql	warmup	1.0	0.0	0.0	242.08633957700002
C1/C1_split3.sparql	warmup	1.0	0.0	0.0	260.169710402
C1/C1_split4.sparql	warmup	1.0	0.0	0.0	279.84629740500003
C1/C1_split7.sparql	warmup	1.0	0.0	0.0	244.77795181200005
C1/C1_split8.sparql	warmup	1.0	0.0	0.0	251.16080904400002
C1/C1_split9.sparql	warmup	1.0	0.0	0.0	244.665082283
C2/C2_split16.sparql	warmup	1.0	0.0	0.0	162.054881725
C2/C2_split18.sparql	warmup	1.0	0.0	0.0	142.99532944
C2/C2_split19.sparql	warmup	1.0	0.0	0.0	207.976199356
C2/C2_split6.sparql	warmup	1.0	0.0	0.0	143.601640973
F1/F1_split0.sparql	stress	5.0	0.0	0.0	9.506881685
F1/F1_split0.sparql	warmup	1.0	0.0	0.0	0.6194555270000001
F1/F1_split1.sparql	stress	5.0	0.0	0.0	11.635515807
F1/F1_split1.sparql	warmup	1.0	0.0	0.0	2.408416755
F1/F1_split10.sparql	stress	5.0	0.0	0.0	8.190685639
F1/F1_split10.sparql	warmup	1.0	0.0	0.0	2.908709997
F1/F1_split11.sparql	stress	5.0	0.0	0.0	10.227920182
F1/F1_split11.sparql	warmup	1.0	0.0	0.0	2.3878641309999997
F1/F1_split12.sparql	stress	5.0	0.0	0.0	8.156908706
F1/F1_split12.sparql	warmup	1.0	0.0	0.0	1.6170638430000002
F1/F1_split13.sparql	stress	5.0	0.0	0.0	10.795486246
F1/F1_split13.sparql	warmup	1.0	0.0	0.0	2.736765403
F1/F1_split14.sparql	stress	5.0	0.0	0.0	10.445727255
F1/F1_split14.sparql	warmup	1.0	0.0	0.0	3.721539096
F1/F1_split15.sparql	stress	5.0	0.0	0.0	8.443303867000001
F1/F1_split15.sparql	warmup	1.0	0.0	0.0	1.357050094
F1/F1_split16.sparql	stress	5.0	0.0	0.0	6.354243522000001
F1/F1_split16.sparql	warmup	1.0	0.0	0.0	0.977229115
F1/F1_split17.sparql	stress	5.0	0.0	0.0	10.452017690999998
F1/F1_split17.sparql	warmup	1.0	0.0	0.0	0.7744591540000001
F1/F1_split18.sparql	stress	5.0	0.0	0.0	11.603096938
F1/F1_split18.sparql	warmup	1.0	0.0	0.0	2.0435431040000003
F1/F1_split19.sparql	stress	5.0	0.0	0.0	10.882724973
F1/F1_split19.sparql	warmup	1.0	0.0	0.0	3.2039561069999998
F1/F1_split2.sparql	stress	5.0	0.0	0.0	10.878918065999999
F1/F1_split2.sparql	warmup	1.0	0.0	0.0	2.3736476950000003
F1/F1_split3.sparql	stress	5.0	0.0	0.0	8.810020762999999
F1/F1_split3.sparql	warmup	1.0	0.0	0.0	3.5410801750000003
F1/F1_split4.sparql	stress	5.0	0.0	0.0	8.436838664000001
F1/F1_split4.sparql	warmup	1.0	0.0	0.0	3.4000189869999997
F1/F1_split5.sparql	stress	5.0	0.0	0.0	10.67217473
F1/F1_split5.sparql	warmup	1.0	0.0	0.0	1.6488314009999998
F1/F1_split6.sparql	stress	5.0	0.0	0.0	11.331376447
F1/F1_split6.sparql	warmup	1.0	0.0	0.0	3.071657922
F1/F1_split7.sparql	stress	5.0	0.0	0.0	9.519446824
F1/F1_split7.sparql	warmup	1.0	0.0	0.0	2.497401236
F1/F1_split8.sparql	stress	5.0	0.0	0.0	10.254750228999999
F1/F1_split8.sparql	warmup	1.0	0.0	0.0	3.229423606
F1/F1_split9.sparql	stress	5.0	0.0	0.0	10.627315817000001
F1/F1_split9.sparql	warmup	1.0	0.0	0.0	0.6753558820000001
F2/F2_split0.sparql	stress	5.0	0.0	0.0	11.486711935
F2/F2_split0.sparql	warmup	1.0	0.0	0.0	3.0443442490000003
F2/F2_split1.sparql	warmup	1.0	0.0	0.0	45.462205164
F2/F2_split10.sparql	warmup	1.0	0.0	0.0	41.162735362
F2/F2_split11.sparql	stress	5.0	0.0	0.0	21.136148458
F2/F2_split11.sparql	warmup	1.0	0.0	0.0	8.759850535
F2/F2_split12.sparql	stress	5.0	0.0	0.0	149.339050195
F2/F2_split12.sparql	warmup	1.0	0.0	0.0	37.80072631
F2/F2_split13.sparql	stress	5.0	0.0	0.0	14.870972885999999
F2/F2_split13.sparql	warmup	1.0	0.0	0.0	4.209353441999999
F2/F2_split14.sparql	warmup	1.0	0.0	0.0	9.001807694
F2/F2_split15.sparql	warmup	1.0	0.0	0.0	32.889543281
F2/F2_split16.sparql	stress	5.0	0.0	0.0	57.297355318
F2/F2_split16.sparql	warmup	1.0	0.0	0.0	51.494168231
F2/F2_split17.sparql	warmup	1.0	0.0	0.0	44.36012621
F2/F2_split18.sparql	warmup	1.0	0.0	0.0	35.775533734
F2/F2_split19.sparql	stress	5.0	0.0	0.0	5.973954639
F2/F2_split19.sparql	warmup	1.0	0.0	0.0	2.140649245
F2/F2_split2.sparql	stress	5.0	0.0	0.0	7.499961118
F2/F2_split2.sparql	warmup	1.0	0.0	0.0	3.605192753
F2/F2_split3.sparql	stress	5.0	0.0	0.0	7.147195805
F2/F2_split3.sparql	warmup	1.0	0.0	0.0	1.953384571
F2/F2_split4.sparql	stress	5.0	0.0	0.0	148.72698738399998
F2/F2_split4.sparql	warmup	1.0	0.0	0.0	81.69859400899999
F2/F2_split5.sparql	warmup	1.0	0.0	0.0	47.470581032
F2/F2_split6.sparql	warmup	1.0	0.0	0.0	8.853134423
F2/F2_split7.sparql	warmup	1.0	0.0	0.0	42.489968629
F2/F2_split8.sparql	warmup	1.0	0.0	0.0	47.540156877
F2/F2_split9.sparql	warmup	1.0	0.0	0.0	54.359734167
F3/F3_split0.sparql	stress	5.0	0.0	0.0	211.16015697400002
F3/F3_split0.sparql	warmup	1.0	0.0	0.0	42.249376672
F3/F3_split10.sparql	warmup	1.0	0.0	0.0	61.887040188
F3/F3_split11.sparql	warmup	1.0	0.0	0.0	65.639998312
F3/F3_split12.sparql	warmup	1.0	0.0	0.0	126.400351574
F3/F3_split14.sparql	warmup	1.0	0.0	0.0	133.562364048
F3/F3_split15.sparql	warmup	1.0	0.0	0.0	157.342012861
F3/F3_split16.sparql	warmup	1.0	0.0	0.0	120.874749689
F3/F3_split17.sparql	stress	5.0	0.0	0.0	107.884891055
F3/F3_split17.sparql	warmup	1.0	0.0	0.0	32.083544008000004
F3/F3_split18.sparql	warmup	1.0	0.0	0.0	93.833361271
F3/F3_split19.sparql	warmup	1.0	0.0	0.0	61.064928633
F3/F3_split2.sparql	warmup	1.0	0.0	0.0	76.91991500399999
F3/F3_split3.sparql	warmup	1.0	0.0	0.0	89.52636291
F3/F3_split4.sparql	warmup	1.0	0.0	0.0	246.314229351
F3/F3_split5.sparql	warmup	1.0	0.0	0.0	105.363788266
F3/F3_split6.sparql	warmup	1.0	0.0	0.0	64.136854298
F3/F3_split7.sparql	warmup	1.0	0.0	0.0	77.686484937
F3/F3_split8.sparql	warmup	1.0	0.0	0.0	89.683648637
F3/F3_split9.sparql	warmup	1.0	0.0	0.0	89.10912659499998
F4/F4_split0.sparql	warmup	1.0	0.0	0.0	48.794560961
F4/F4_split1.sparql	warmup	1.0	0.0	0.0	189.539292745
F4/F4_split10.sparql	warmup	1.0	0.0	0.0	172.669169235
F4/F4_split11.sparql	warmup	1.0	0.0	0.0	58.678688015
F4/F4_split12.sparql	warmup	1.0	0.0	0.0	43.071922491
F4/F4_split13.sparql	warmup	1.0	0.0	0.0	49.537358541
F4/F4_split14.sparql	warmup	1.0	0.0	0.0	19.158429486
F4/F4_split15.sparql	warmup	1.0	0.0	0.0	56.921393948
F4/F4_split16.sparql	warmup	1.0	0.0	0.0	42.427587941999995
F4/F4_split17.sparql	warmup	1.0	0.0	0.0	64.626245201
F4/F4_split18.sparql	warmup	1.0	0.0	0.0	48.492908381999996
F4/F4_split19.sparql	warmup	1.0	0.0	0.0	56.593914145
F4/F4_split2.sparql	warmup	1.0	0.0	0.0	20.719100394
F4/F4_split3.sparql	warmup	1.0	0.0	0.0	17.192523344
F4/F4_split4.sparql	warmup	1.0	0.0	0.0	162.337450855
F4/F4_split5.sparql	warmup	1.0	0.0	0.0	178.929965711
F4/F4_split6.sparql	warmup	1.0	0.0	0.0	74.867230795
F4/F4_split7.sparql	warmup	1.0	0.0	0.0	48.515872145
F4/F4_split8.sparql	warmup	1.0	0.0	0.0	47.177018435
F4/F4_split9.sparql	warmup	1.0	0.0	0.0	54.28850249600001
F5/F5_split0.sparql	stress	5.0	0.0	0.0	2.3819220810000004
F5/F5_split0.sparql	warmup	1.0	0.0	0.0	1.90878398
F5/F5_split1.sparql	stress	5.0	0.0	0.0	2.5200373290000004
F5/F5_split1.sparql	warmup	1.0	0.0	0.0	2.083459522
F5/F5_split10.sparql	stress	5.0	0.0	0.0	2.728772653
F5/F5_split10.sparql	warmup	1.0	0.0	0.0	1.247621395
F5/F5_split11.sparql	stress	5.0	0.0	0.0	2.7886401810000003
F5/F5_split11.sparql	warmup	1.0	0.0	0.0	2.026578569
F5/F5_split12.sparql	stress	5.0	0.0	0.0	1.729675191
F5/F5_split12.sparql	warmup	1.0	0.0	0.0	2.390314305
F5/F5_split13.sparql	stress	5.0	0.0	0.0	2.7470920160000003
F5/F5_split13.sparql	warmup	1.0	0.0	0.0	1.977568716
F5/F5_split14.sparql	stress	5.0	0.0	0.0	1.942131783
F5/F5_split14.sparql	warmup	1.0	0.0	0.0	1.606420488
F5/F5_split15.sparql	stress	5.0	0.0	0.0	2.618021333
F5/F5_split15.sparql	warmup	1.0	0.0	0.0	0.6316484299999999
F5/F5_split16.sparql	stress	5.0	0.0	0.0	3.103173249
F5/F5_split16.sparql	warmup	1.0	0.0	0.0	0.8346059699999999
F5/F5_split17.sparql	stress	5.0	0.0	0.0	1.910251562
F5/F5_split17.sparql	warmup	1.0	0.0	0.0	2.428518381
F5/F5_split18.sparql	stress	5.0	0.0	0.0	1.95123438
F5/F5_split18.sparql	warmup	1.0	0.0	0.0	1.92530821
F5/F5_split19.sparql	stress	5.0	0.0	0.0	2.240701455
F5/F5_split19.sparql	warmup	1.0	0.0	0.0	1.423392954
F5/F5_split2.sparql	stress	5.0	0.0	0.0	2.142775977
F5/F5_split2.sparql	warmup	1.0	0.0	0.0	1.0647569479999999
F5/F5_split3.sparql	stress	5.0	0.0	0.0	2.258663315
F5/F5_split3.sparql	warmup	1.0	0.0	0.0	1.150699582
F5/F5_split4.sparql	stress	5.0	0.0	0.0	2.004332595
F5/F5_split4.sparql	warmup	1.0	0.0	0.0	1.136881943
F5/F5_split5.sparql	stress	5.0	0.0	0.0	2.441887207
F5/F5_split5.sparql	warmup	1.0	0.0	0.0	1.7833590540000002
F5/F5_split6.sparql	stress	5.0	0.0	0.0	3.0243721010000004
F5/F5_split6.sparql	warmup	1.0	0.0	0.0	1.0735635190000001
F5/F5_split7.sparql	stress	5.0	0.0	0.0	2.5599874060000003
F5/F5_split7.sparql	warmup	1.0	0.0	0.0	0.967616129
F5/F5_split8.sparql	stress	5.0	0.0	0.0	2.494987752
F5/F5_split8.sparql	warmup	1.0	0.0	0.0	1.4186409679999998
F5/F5_split9.sparql	stress	5.0	0.0	0.0	2.9544512220000003
F5/F5_split9.sparql	warmup	1.0	0.0	0.0	1.577647527
L1/L1_split0.sparql	stress	5.0	0.0	0.0	1.341569578
L1/L1_split0.sparql	warmup	1.0	0.0	0.0	1.386797399
L1/L1_split1.sparql	stress	5.0	0.0	0.0	2.59124414
L1/L1_split1.sparql	warmup	1.0	0.0	0.0	1.051216851
L1/L1_split10.sparql	stress	5.0	0.0	0.0	1.063308767
L1/L1_split10.sparql	warmup	1.0	0.0	0.0	0.56462947
L1/L1_split11.sparql	stress	5.0	0.0	0.0	2.4436097840000004
L1/L1_split11.sparql	warmup	1.0	0.0	0.0	0.6440929790000001
L1/L1_split12.sparql	stress	5.0	0.0	0.0	2.180391364
L1/L1_split12.sparql	warmup	1.0	0.0	0.0	1.0806412479999998
L1/L1_split13.sparql	stress	5.0	0.0	0.0	1.401058286
L1/L1_split13.sparql	warmup	1.0	0.0	0.0	1.226302082
L1/L1_split14.sparql	stress	5.0	0.0	0.0	1.023475413
L1/L1_split14.sparql	warmup	1.0	0.0	0.0	0.9478094579999999
L1/L1_split15.sparql	stress	5.0	0.0	0.0	1.732678035
L1/L1_split15.sparql	warmup	1.0	0.0	0.0	0.646778736
L1/L1_split16.sparql	stress	5.0	0.0	0.0	1.39371124
L1/L1_split16.sparql	warmup	1.0	0.0	0.0	0.519580023
L1/L1_split17.sparql	stress	5.0	0.0	0.0	1.293012501
L1/L1_split17.sparql	warmup	1.0	0.0	0.0	1.138538313
L1/L1_split18.sparql	stress	5.0	0.0	0.0	1.262838009
L1/L1_split18.sparql	warmup	1.0	0.0	0.0	0.957464121
L1/L1_split19.sparql	stress	5.0	0.0	0.0	1.012232534
L1/L1_split19.sparql	warmup	1.0	0.0	0.0	1.334013482
L1/L1_split2.sparql	stress	5.0	0.0	0.0	1.500482153
L1/L1_split2.sparql	warmup	1.0	0.0	0.0	1.532154565
L1/L1_split3.sparql	stress	5.0	0.0	0.0	1.174488351
L1/L1_split3.sparql	warmup	1.0	0.0	0.0	1.050333474
L1/L1_split4.sparql	stress	5.0	0.0	0.0	1.3523695880000002
L1/L1_split4.sparql	warmup	1.0	0.0	0.0	1.203776531
L1/L1_split5.sparql	stress	5.0	0.0	0.0	1.3824051899999998
L1/L1_split5.sparql	warmup	1.0	0.0	0.0	0.5269847559999999
L1/L1_split6.sparql	stress	5.0	0.0	0.0	1.295169362
L1/L1_split6.sparql	warmup	1.0	0.0	0.0	0.58703211
L1/L1_split7.sparql	stress	5.0	0.0	0.0	1.10647473
L1/L1_split7.sparql	warmup	1.0	0.0	0.0	0.619361335
L1/L1_split8.sparql	stress	5.0	0.0	0.0	1.945009834
L1/L1_split8.sparql	warmup	1.0	0.0	0.0	0.624285462
L1/L1_split9.sparql	stress	5.0	0.0	0.0	1.2528034090000002
L1/L1_split9.sparql	warmup	1.0	0.0	0.0	0.8841766329999999
L2/L2_split0.sparql	stress	5.0	0.0	0.0	25.607469436
L2/L2_split0.sparql	warmup	1.0	0.0	0.0	16.394104235
L2/L2_split1.sparql	stress	5.0	0.0	0.0	22.924984273000003
L2/L2_split1.sparql	warmup	1.0	0.0	0.0	15.940947984000001
L2/L2_split10.sparql	stress	5.0	0.0	0.0	27.851221773000002
L2/L2_split10.sparql	warmup	1.0	0.0	0.0	16.415044498
L2/L2_split11.sparql	stress	5.0	0.0	0.0	30.219136775
L2/L2_split11.sparql	warmup	1.0	0.0	0.0	15.875532030999999
L2/L2_split12.sparql	stress	5.0	0.0	0.0	25.457788136999998
L2/L2_split12.sparql	warmup	1.0	0.0	0.0	6.460795114
L2/L2_split13.sparql	stress	5.0	0.0	0.0	16.795336666
L2/L2_split13.sparql	warmup	1.0	0.0	0.0	15.421119821
L2/L2_split14.sparql	stress	5.0	0.0	0.0	19.238789588
L2/L2_split14.sparql	warmup	1.0	0.0	0.0	0.3925424320000001
L2/L2_split15.sparql	stress	5.0	0.0	0.0	27.941510532
L2/L2_split15.sparql	warmup	1.0	0.0	0.0	13.205135557
L2/L2_split16.sparql	stress	5.0	0.0	0.0	27.158848169000002
L2/L2_split16.sparql	warmup	1.0	0.0	0.0	15.548214038
L2/L2_split17.sparql	stress	5.0	0.0	0.0	18.149697025
L2/L2_split17.sparql	warmup	1.0	0.0	0.0	16.728212211
L2/L2_split18.sparql	stress	5.0	0.0	0.0	22.514473315
L2/L2_split18.sparql	warmup	1.0	0.0	0.0	15.218761294
L2/L2_split19.sparql	stress	5.0	0.0	0.0	28.403165201
L2/L2_split19.sparql	warmup	1.0	0.0	0.0	13.524016171
L2/L2_split2.sparql	stress	5.0	0.0	0.0	24.173302875
L2/L2_split2.sparql	warmup	1.0	0.0	0.0	0.8862143370000001
L2/L2_split3.sparql	stress	5.0	0.0	0.0	22.395346123000003
L2/L2_split3.sparql	warmup	1.0	0.0	0.0	5.602545537
L2/L2_split4.sparql	stress	5.0	0.0	0.0	25.486209176
L2/L2_split4.sparql	warmup	1.0	0.0	0.0	7.053502694
L2/L2_split5.sparql	stress	5.0	0.0	0.0	17.487471695
L2/L2_split5.sparql	warmup	1.0	0.0	0.0	8.224667246000001
L2/L2_split6.sparql	stress	5.0	0.0	0.0	33.57508528
L2/L2_split6.sparql	warmup	1.0	0.0	0.0	15.30324414
L2/L2_split7.sparql	stress	5.0	0.0	0.0	19.549935974
L2/L2_split7.sparql	warmup	1.0	0.0	0.0	13.385461352
L2/L2_split8.sparql	stress	5.0	0.0	0.0	29.700204948000003
L2/L2_split8.sparql	warmup	1.0	0.0	0.0	13.918721089999998
L2/L2_split9.sparql	stress	5.0	0.0	0.0	24.802052969000002
L2/L2_split9.sparql	warmup	1.0	0.0	0.0	12.148670566
L3/L3_split0.sparql	stress	5.0	0.0	0.0	1.4149044389999998
L3/L3_split0.sparql	warmup	1.0	0.0	0.0	1.530521117
L3/L3_split1.sparql	stress	5.0	0.0	0.0	0.996239868
L3/L3_split1.sparql	warmup	1.0	0.0	0.0	1.39316829
L3/L3_split10.sparql	stress	5.0	0.0	0.0	1.189263
L3/L3_split10.sparql	warmup	1.0	0.0	0.0	0.574149379
L3/L3_split11.sparql	stress	5.0	0.0	0.0	1.995044032
L3/L3_split11.sparql	warmup	1.0	0.0	0.0	1.4879600380000002
L3/L3_split12.sparql	stress	5.0	0.0	0.0	0.8844885870000001
L3/L3_split12.sparql	warmup	1.0	0.0	0.0	0.684748412
L3/L3_split13.sparql	stress	5.0	0.0	0.0	1.030876542
L3/L3_split13.sparql	warmup	1.0	0.0	0.0	1.210218266
L3/L3_split14.sparql	stress	5.0	0.0	0.0	0.9842053
L3/L3_split14.sparql	warmup	1.0	0.0	0.0	0.482744353
L3/L3_split15.sparql	stress	5.0	0.0	0.0	1.020182912
L3/L3_split15.sparql	warmup	1.0	0.0	0.0	1.087221566
L3/L3_split16.sparql	stress	5.0	0.0	0.0	1.1082382370000001
L3/L3_split16.sparql	warmup	1.0	0.0	0.0	0.50428688
L3/L3_split17.sparql	stress	5.0	0.0	0.0	0.989308101
L3/L3_split17.sparql	warmup	1.0	0.0	0.0	1.15073134
L3/L3_split18.sparql	stress	5.0	0.0	0.0	1.173984838
L3/L3_split18.sparql	warmup	1.0	0.0	0.0	1.158130798
L3/L3_split19.sparql	stress	5.0	0.0	0.0	1.197227391
L3/L3_split19.sparql	warmup	1.0	0.0	0.0	0.75476502
L3/L3_split2.sparql	stress	5.0	0.0	0.0	0.8646480520000001
L3/L3_split2.sparql	warmup	1.0	0.0	0.0	1.311985334
L3/L3_split3.sparql	stress	5.0	0.0	0.0	0.8501491440000001
L3/L3_split3.sparql	warmup	1.0	0.0	0.0	1.533870536
L3/L3_split4.sparql	stress	5.0	0.0	0.0	1.0573858459999999
L3/L3_split4.sparql	warmup	1.0	0.0	0.0	1.584008581
L3/L3_split5.sparql	stress	5.0	0.0	0.0	0.9304445990000001
L3/L3_split5.sparql	warmup	1.0	0.0	0.0	1.411467669
L3/L3_split6.sparql	stress	5.0	0.0	0.0	1.129675459
L3/L3_split6.sparql	warmup	1.0	0.0	0.0	0.539000565
L3/L3_split7.sparql	stress	5.0	0.0	0.0	1.11675613
L3/L3_split7.sparql	warmup	1.0	0.0	0.0	1.278141416
L3/L3_split8.sparql	stress	5.0	0.0	0.0	0.934334653
L3/L3_split8.sparql	warmup	1.0	0.0	0.0	0.8973166260000001
L3/L3_split9.sparql	stress	5.0	0.0	0.0	0.814575242
L3/L3_split9.sparql	warmup	1.0	0.0	0.0	0.601996411
L4/L4_split0.sparql	stress	5.0	0.0	0.0	52.360021175
L4/L4_split0.sparql	warmup	1.0	0.0	0.0	13.250190273
L4/L4_split1.sparql	stress	5.0	0.0	0.0	51.222719141000006
L4/L4_split1.sparql	warmup	1.0	0.0	0.0	15.407837518
L4/L4_split10.sparql	stress	5.0	0.0	0.0	45.329625676000006
L4/L4_split10.sparql	warmup	1.0	0.0	0.0	11.764468763
L4/L4_split11.sparql	stress	5.0	0.0	0.0	64.12796348399999
L4/L4_split11.sparql	warmup	1.0	0.0	0.0	15.498523007000001
L4/L4_split12.sparql	stress	5.0	0.0	0.0	61.113201235
L4/L4_split12.sparql	warmup	1.0	0.0	0.0	12.688235495999999
L4/L4_split13.sparql	stress	5.0	0.0	0.0	61.936396937
L4/L4_split13.sparql	warmup	1.0	0.0	0.0	10.550088286
L4/L4_split14.sparql	stress	5.0	0.0	0.0	74.245408034
L4/L4_split14.sparql	warmup	1.0	0.0	0.0	4.664441511000001
L4/L4_split15.sparql	stress	5.0	0.0	0.0	40.11188698
L4/L4_split15.sparql	warmup	1.0	0.0	0.0	13.016739435
L4/L4_split16.sparql	stress	5.0	0.0	0.0	49.94793346300001
L4/L4_split16.sparql	warmup	1.0	0.0	0.0	11.412224317
L4/L4_split17.sparql	stress	5.0	0.0	0.0	50.54301662100001
L4/L4_split17.sparql	warmup	1.0	0.0	0.0	10.507058825
L4/L4_split18.sparql	stress	5.0	0.0	0.0	42.96714973899999
L4/L4_split18.sparql	warmup	1.0	0.0	0.0	14.170538717000001
L4/L4_split19.sparql	stress	5.0	0.0	0.0	52.862917941000006
L4/L4_split19.sparql	warmup	1.0	0.0	0.0	12.987789584000001
L4/L4_split2.sparql	stress	5.0	0.0	0.0	46.87753652
L4/L4_split2.sparql	warmup	1.0	0.0	0.0	12.87497216
L4/L4_split3.sparql	stress	5.0	0.0	0.0	43.107880183
L4/L4_split3.sparql	warmup	1.0	0.0	0.0	16.301182501
L4/L4_split4.sparql	stress	5.0	0.0	0.0	51.260959445
L4/L4_split4.sparql	warmup	1.0	0.0	0.0	14.155880401
L4/L4_split5.sparql	stress	5.0	0.0	0.0	50.099489143999996
L4/L4_split5.sparql	warmup	1.0	0.0	0.0	13.132976313
L4/L4_split6.sparql	stress	5.0	0.0	0.0	56.671410556000005
L4/L4_split6.sparql	warmup	1.0	0.0	0.0	13.590478854
L4/L4_split7.sparql	stress	5.0	0.0	0.0	46.38053442100001
L4/L4_split7.sparql	warmup	1.0	0.0	0.0	13.646520737000001
L4/L4_split8.sparql	stress	5.0	0.0	0.0	56.278791264
L4/L4_split8.sparql	warmup	1.0	0.0	0.0	13.823751083
L4/L4_split9.sparql	stress	5.0	0.0	0.0	71.593177923
L4/L4_split9.sparql	warmup	1.0	0.0	0.0	14.344060105999999
L5/L5_split0.sparql	stress	5.0	0.0	0.0	140.76190260799999
L5/L5_split0.sparql	warmup	1.0	0.0	0.0	42.573581985
L5/L5_split1.sparql	stress	5.0	0.0	0.0	108.73187839100001
L5/L5_split1.sparql	warmup	1.0	0.0	0.0	42.001074202000005
L5/L5_split10.sparql	stress	5.0	0.0	0.0	92.559736864
L5/L5_split10.sparql	warmup	1.0	0.0	0.0	29.442426649
L5/L5_split11.sparql	stress	5.0	0.0	0.0	124.11868845
L5/L5_split11.sparql	warmup	1.0	0.0	0.0	49.476627193999995
L5/L5_split12.sparql	stress	5.0	0.0	0.0	107.67812999799999
L5/L5_split12.sparql	warmup	1.0	0.0	0.0	48.869785502
L5/L5_split13.sparql	stress	5.0	0.0	0.0	104.480419779
L5/L5_split13.sparql	warmup	1.0	0.0	0.0	31.547206908000003
L5/L5_split14.sparql	stress	5.0	0.0	0.0	141.155353841
L5/L5_split14.sparql	warmup	1.0	0.0	0.0	38.914931461
L5/L5_split15.sparql	stress	5.0	0.0	0.0	122.268041508
L5/L5_split15.sparql	warmup	1.0	0.0	0.0	46.093096001999996
L5/L5_split16.sparql	stress	5.0	0.0	0.0	149.024016597
L5/L5_split16.sparql	warmup	1.0	0.0	0.0	41.871619698
L5/L5_split17.sparql	stress	5.0	0.0	0.0	75.55783656700002
L5/L5_split17.sparql	warmup	1.0	0.0	0.0	32.613003349
L5/L5_split18.sparql	stress	5.0	0.0	0.0	131.287016337
L5/L5_split18.sparql	warmup	1.0	0.0	0.0	33.079588433999994
L5/L5_split19.sparql	stress	5.0	0.0	0.0	120.292043014
L5/L5_split19.sparql	warmup	1.0	0.0	0.0	37.625956509000005
L5/L5_split2.sparql	stress	5.0	0.0	0.0	120.918756406
L5/L5_split2.sparql	warmup	1.0	0.0	0.0	41.939480671999995
L5/L5_split3.sparql	stress	5.0	0.0	0.0	151.071043921
L5/L5_split3.sparql	warmup	1.0	0.0	0.0	29.630618429000002
L5/L5_split4.sparql	stress	5.0	0.0	0.0	121.739624274
L5/L5_split4.sparql	warmup	1.0	0.0	0.0	32.149445179000004
L5/L5_split5.sparql	stress	5.0	0.0	0.0	108.084210538
L5/L5_split5.sparql	warmup	1.0	0.0	0.0	40.01388729
L5/L5_split6.sparql	stress	5.0	0.0	0.0	126.666191805
L5/L5_split6.sparql	warmup	1.0	0.0	0.0	45.398373025
L5/L5_split7.sparql	stress	5.0	0.0	0.0	145.875783592
L5/L5_split7.sparql	warmup	1.0	0.0	0.0	27.522460014
L5/L5_split8.sparql	stress	5.0	0.0	0.0	135.084124801
L5/L5_split8.sparql	warmup	1.0	0.0	0.0	46.031865392
L5/L5_split9.sparql	stress	5.0	0.0	0.0	120.617628074
L5/L5_split9.sparql	warmup	1.0	0.0	0.0	39.190977114
S1/S1_split0.sparql	stress	5.0	0.0	0.0	2.416747135
S1/S1_split0.sparql	warmup	1.0	0.0	0.0	2.9009732980000003
S1/S1_split1.sparql	stress	5.0	0.0	0.0	2.703465202
S1/S1_split1.sparql	warmup	1.0	0.0	0.0	4.068270282
S1/S1_split10.sparql	stress	5.0	0.0	0.0	3.640833856
S1/S1_split10.sparql	warmup	1.0	0.0	0.0	1.4108703459999998
S1/S1_split11.sparql	stress	5.0	0.0	0.0	5.8452187910000015
S1/S1_split11.sparql	warmup	1.0	0.0	0.0	3.628379009
S1/S1_split12.sparql	stress	5.0	0.0	0.0	2.967290087
S1/S1_split12.sparql	warmup	1.0	0.0	0.0	3.41221895
S1/S1_split13.sparql	stress	5.0	0.0	0.0	3.860547821
S1/S1_split13.sparql	warmup	1.0	0.0	0.0	3.305880278
S1/S1_split14.sparql	stress	5.0	0.0	0.0	5.617948134000001
S1/S1_split14.sparql	warmup	1.0	0.0	0.0	3.39571079
S1/S1_split15.sparql	stress	5.0	0.0	0.0	5.176318521000001
S1/S1_split15.sparql	warmup	1.0	0.0	0.0	1.266334924
S1/S1_split16.sparql	stress	5.0	0.0	0.0	4.4543834370000015
S1/S1_split16.sparql	warmup	1.0	0.0	0.0	3.5268065620000004
S1/S1_split17.sparql	stress	5.0	0.0	0.0	5.204852519
S1/S1_split17.sparql	warmup	1.0	0.0	0.0	2.9822805039999998
S1/S1_split18.sparql	stress	5.0	0.0	0.0	2.2856257340000004
S1/S1_split18.sparql	warmup	1.0	0.0	0.0	2.151024863
S1/S1_split19.sparql	stress	5.0	0.0	0.0	3.721123881
S1/S1_split19.sparql	warmup	1.0	0.0	0.0	2.7464345530000003
S1/S1_split2.sparql	stress	5.0	0.0	0.0	2.704202721
S1/S1_split2.sparql	warmup	1.0	0.0	0.0	1.999794991
S1/S1_split3.sparql	stress	5.0	0.0	0.0	3.0978597310000002
S1/S1_split3.sparql	warmup	1.0	0.0	0.0	1.3586316939999998
S1/S1_split4.sparql	stress	5.0	0.0	0.0	3.984953598
S1/S1_split4.sparql	warmup	1.0	0.0	0.0	1.0871821030000002
S1/S1_split5.sparql	stress	5.0	0.0	0.0	5.954658421
S1/S1_split5.sparql	warmup	1.0	0.0	0.0	1.216830867
S1/S1_split6.sparql	stress	5.0	0.0	0.0	4.2211109030000005
S1/S1_split6.sparql	warmup	1.0	0.0	0.0	2.978326413
S1/S1_split7.sparql	stress	5.0	0.0	0.0	3.0619772660000004
S1/S1_split7.sparql	warmup	1.0	0.0	0.0	4.373662284
S1/S1_split8.sparql	stress	5.0	0.0	0.0	2.546780865
S1/S1_split8.sparql	warmup	1.0	0.0	0.0	2.2362519730000003
S1/S1_split9.sparql	stress	5.0	0.0	0.0	5.095986167
S1/S1_split9.sparql	warmup	1.0	0.0	0.0	3.090530176
S2/S2_split0.sparql	stress	5.0	0.0	0.0	36.571377906
S2/S2_split0.sparql	warmup	1.0	0.0	0.0	15.184075537999995
S2/S2_split1.sparql	stress	5.0	0.0	0.0	52.71394854
S2/S2_split1.sparql	warmup	1.0	0.0	0.0	21.915047135
S2/S2_split10.sparql	stress	5.0	0.0	0.0	69.930912419
S2/S2_split10.sparql	warmup	1.0	0.0	0.0	15.107854346
S2/S2_split11.sparql	stress	5.0	0.0	0.0	30.303574195
S2/S2_split11.sparql	warmup	1.0	0.0	0.0	15.014299784
S2/S2_split12.sparql	stress	5.0	0.0	0.0	39.306319791
S2/S2_split12.sparql	warmup	1.0	0.0	0.0	14.878536624
S2/S2_split13.sparql	stress	5.0	0.0	0.0	78.398054154
S2/S2_split13.sparql	warmup	1.0	0.0	0.0	35.589594114
S2/S2_split14.sparql	stress	5.0	0.0	0.0	48.653367303
S2/S2_split14.sparql	warmup	1.0	0.0	0.0	22.07804753
S2/S2_split15.sparql	stress	5.0	0.0	0.0	49.648282531999996
S2/S2_split15.sparql	warmup	1.0	0.0	0.0	15.359567247000001
S2/S2_split16.sparql	stress	5.0	0.0	0.0	58.11193106
S2/S2_split16.sparql	warmup	1.0	0.0	0.0	15.981875069
S2/S2_split17.sparql	stress	5.0	0.0	0.0	45.946125568999996
S2/S2_split17.sparql	warmup	1.0	0.0	0.0	6.661071072
S2/S2_split18.sparql	stress	5.0	0.0	0.0	34.865861304
S2/S2_split18.sparql	warmup	1.0	0.0	0.0	14.59111664
S2/S2_split19.sparql	stress	5.0	0.0	0.0	51.297357483999996
S2/S2_split19.sparql	warmup	1.0	0.0	0.0	15.098294432000001
S2/S2_split2.sparql	stress	5.0	0.0	0.0	68.268885387
S2/S2_split2.sparql	warmup	1.0	0.0	0.0	17.666438578
S2/S2_split3.sparql	stress	5.0	0.0	0.0	34.504756652999994
S2/S2_split3.sparql	warmup	1.0	0.0	0.0	18.380339486
S2/S2_split4.sparql	stress	5.0	0.0	0.0	43.527871551999986
S2/S2_split4.sparql	warmup	1.0	0.0	0.0	14.63464683
S2/S2_split5.sparql	stress	5.0	0.0	0.0	44.852371461000004
S2/S2_split5.sparql	warmup	1.0	0.0	0.0	15.313513633
S2/S2_split6.sparql	stress	5.0	0.0	0.0	46.244182113
S2/S2_split6.sparql	warmup	1.0	0.0	0.0	17.822227467
S2/S2_split7.sparql	stress	5.0	0.0	0.0	42.415105047
S2/S2_split7.sparql	warmup	1.0	0.0	0.0	14.715785531
S2/S2_split8.sparql	stress	5.0	0.0	0.0	35.490803333
S2/S2_split8.sparql	warmup	1.0	0.0	0.0	16.962132740999998
S2/S2_split9.sparql	stress	5.0	0.0	0.0	50.937765268
S2/S2_split9.sparql	warmup	1.0	0.0	0.0	17.357819372
S3/S3_split0.sparql	stress	5.0	0.0	0.0	25.532703813
S3/S3_split0.sparql	warmup	1.0	0.0	0.0	4.8919980139999995
S3/S3_split1.sparql	stress	5.0	0.0	0.0	21.463408475
S3/S3_split1.sparql	warmup	1.0	0.0	0.0	6.741534799
S3/S3_split10.sparql	stress	5.0	0.0	0.0	21.663404557000003
S3/S3_split10.sparql	warmup	1.0	0.0	0.0	11.973502439
S3/S3_split11.sparql	stress	5.0	0.0	0.0	33.134172349
S3/S3_split11.sparql	warmup	1.0	0.0	0.0	6.454410146
S3/S3_split12.sparql	stress	5.0	0.0	0.0	34.772265012999995
S3/S3_split12.sparql	warmup	1.0	0.0	0.0	5.938269568
S3/S3_split13.sparql	stress	5.0	0.0	0.0	28.775644843000002
S3/S3_split13.sparql	warmup	1.0	0.0	0.0	8.453634283
S3/S3_split14.sparql	stress	5.0	0.0	0.0	20.878933550000006
S3/S3_split14.sparql	warmup	1.0	0.0	0.0	7.448773435
S3/S3_split15.sparql	stress	5.0	0.0	0.0	23.521411348
S3/S3_split15.sparql	warmup	1.0	0.0	0.0	7.279795078999999
S3/S3_split16.sparql	stress	5.0	0.0	0.0	47.74355013
S3/S3_split16.sparql	warmup	1.0	0.0	0.0	8.489002695
S3/S3_split17.sparql	stress	5.0	0.0	0.0	25.248761625
S3/S3_split17.sparql	warmup	1.0	0.0	0.0	6.3121799260000016
S3/S3_split18.sparql	stress	5.0	0.0	0.0	37.92458711600001
S3/S3_split18.sparql	warmup	1.0	0.0	0.0	5.205633953
S3/S3_split19.sparql	stress	5.0	0.0	0.0	30.101320553
S3/S3_split19.sparql	warmup	1.0	0.0	0.0	5.79807031
S3/S3_split2.sparql	stress	5.0	0.0	0.0	33.101868718
S3/S3_split2.sparql	warmup	1.0	0.0	0.0	9.64511261
S3/S3_split3.sparql	stress	5.0	0.0	0.0	27.059563644
S3/S3_split3.sparql	warmup	1.0	0.0	0.0	5.894333447
S3/S3_split4.sparql	stress	5.0	0.0	0.0	26.710799411
S3/S3_split4.sparql	warmup	1.0	0.0	0.0	6.501397792000001
S3/S3_split5.sparql	stress	5.0	0.0	0.0	18.093646700999997
S3/S3_split5.sparql	warmup	1.0	0.0	0.0	3.461670523
S3/S3_split6.sparql	stress	5.0	0.0	0.0	25.65639501
S3/S3_split6.sparql	warmup	1.0	0.0	0.0	7.826188274
S3/S3_split7.sparql	stress	5.0	0.0	0.0	47.794643158
S3/S3_split7.sparql	warmup	1.0	0.0	0.0	4.354055446
S3/S3_split8.sparql	stress	5.0	0.0	0.0	32.788734554
S3/S3_split8.sparql	warmup	1.0	0.0	0.0	4.9033081880000005
S3/S3_split9.sparql	stress	5.0	0.0	0.0	23.051023708000002
S3/S3_split9.sparql	warmup	1.0	0.0	0.0	19.101966619000002
S4/S4_split0.sparql	stress	5.0	0.0	0.0	79.51623707899999
S4/S4_split0.sparql	warmup	1.0	0.0	0.0	25.967886731999997
S4/S4_split1.sparql	stress	5.0	0.0	0.0	60.684276018
S4/S4_split1.sparql	warmup	1.0	0.0	0.0	23.335201629
S4/S4_split10.sparql	stress	5.0	0.0	0.0	83.02069448
S4/S4_split10.sparql	warmup	1.0	0.0	0.0	26.202993083000003
S4/S4_split11.sparql	stress	5.0	0.0	0.0	92.168728896
S4/S4_split11.sparql	warmup	1.0	0.0	0.0	27.92390747
S4/S4_split12.sparql	stress	5.0	0.0	0.0	71.288290788
S4/S4_split12.sparql	warmup	1.0	0.0	0.0	24.762646408000002
S4/S4_split13.sparql	stress	5.0	0.0	0.0	86.493570172
S4/S4_split13.sparql	warmup	1.0	0.0	0.0	17.059611473
S4/S4_split14.sparql	stress	5.0	0.0	0.0	74.372689919
S4/S4_split14.sparql	warmup	1.0	0.0	0.0	24.883610335
S4/S4_split15.sparql	stress	5.0	0.0	0.0	78.85268692300001
S4/S4_split15.sparql	warmup	1.0	0.0	0.0	24.090567230999998
S4/S4_split16.sparql	stress	5.0	0.0	0.0	87.937025404
S4/S4_split16.sparql	warmup	1.0	0.0	0.0	24.489286541
S4/S4_split17.sparql	stress	5.0	0.0	0.0	92.116636014
S4/S4_split17.sparql	warmup	1.0	0.0	0.0	25.420072305
S4/S4_split18.sparql	stress	5.0	0.0	0.0	104.947893257
S4/S4_split18.sparql	warmup	1.0	0.0	0.0	24.965786604
S4/S4_split19.sparql	stress	5.0	0.0	0.0	107.21282532299999
S4/S4_split19.sparql	warmup	1.0	0.0	0.0	23.149111912
S4/S4_split2.sparql	stress	5.0	0.0	0.0	65.494754229
S4/S4_split2.sparql	warmup	1.0	0.0	0.0	28.154290694
S4/S4_split3.sparql	stress	5.0	0.0	0.0	61.207427025
S4/S4_split3.sparql	warmup	1.0	0.0	0.0	22.332727801
S4/S4_split4.sparql	stress	5.0	0.0	0.0	58.30614737
S4/S4_split4.sparql	warmup	1.0	0.0	0.0	25.091469748
S4/S4_split5.sparql	stress	5.0	0.0	0.0	85.637838257
S4/S4_split5.sparql	warmup	1.0	0.0	0.0	27.530054481999997
S4/S4_split6.sparql	stress	5.0	0.0	0.0	105.24133428100001
S4/S4_split6.sparql	warmup	1.0	0.0	0.0	25.594113757
S4/S4_split7.sparql	stress	5.0	0.0	0.0	70.933391101
S4/S4_split7.sparql	warmup	1.0	0.0	0.0	26.994965203000003
S4/S4_split8.sparql	stress	5.0	0.0	0.0	39.99565183399999
S4/S4_split8.sparql	warmup	1.0	0.0	0.0	25.498634373
S4/S4_split9.sparql	stress	5.0	0.0	0.0	104.099925418
S4/S4_split9.sparql	warmup	1.0	0.0	0.0	22.820083801
S5/S5_split0.sparql	warmup	1.0	0.0	0.0	99.124738309
S5/S5_split1.sparql	stress	5.0	0.0	0.0	21.040503469
S5/S5_split1.sparql	warmup	1.0	0.0	0.0	26.266220823
S5/S5_split10.sparql	warmup	1.0	0.0	0.0	61.857821857000005
S5/S5_split11.sparql	stress	5.0	0.0	0.0	17.166517775
S5/S5_split11.sparql	warmup	1.0	0.0	0.0	6.668644102000001
S5/S5_split12.sparql	warmup	1.0	0.0	0.0	62.014508871000004
S5/S5_split13.sparql	warmup	1.0	0.0	0.0	94.012253308
S5/S5_split14.sparql	warmup	1.0	0.0	0.0	90.300672783
S5/S5_split15.sparql	stress	5.0	0.0	0.0	148.72385328
S5/S5_split15.sparql	warmup	1.0	0.0	0.0	40.724514254
S5/S5_split16.sparql	warmup	1.0	0.0	0.0	62.871511403999996
S5/S5_split17.sparql	warmup	1.0	0.0	0.0	89.15186781
S5/S5_split18.sparql	warmup	1.0	0.0	0.0	127.10061032899999
S5/S5_split19.sparql	warmup	1.0	0.0	0.0	62.075679432
S5/S5_split2.sparql	warmup	1.0	0.0	0.0	62.387184255
S5/S5_split3.sparql	warmup	1.0	0.0	0.0	118.80803578
S5/S5_split4.sparql	warmup	1.0	0.0	0.0	62.72129101
S5/S5_split5.sparql	warmup	1.0	0.0	0.0	124.146957225
S5/S5_split6.sparql	warmup	1.0	0.0	0.0	60.355807619
S5/S5_split7.sparql	warmup	1.0	0.0	0.0	100.089521621
S5/S5_split8.sparql	warmup	1.0	0.0	0.0	125.36927701100001
S5/S5_split9.sparql	warmup	1.0	0.0	0.0	63.945060368
S6/S6_split0.sparql	stress	5.0	0.0	0.0	5.043851307
S6/S6_split0.sparql	warmup	1.0	0.0	0.0	2.078313247
S6/S6_split1.sparql	stress	5.0	0.0	0.0	27.072232252000003
S6/S6_split1.sparql	warmup	1.0	0.0	0.0	16.17155293
S6/S6_split10.sparql	stress	5.0	0.0	0.0	26.961369954000002
S6/S6_split10.sparql	warmup	1.0	0.0	0.0	10.456900477000001
S6/S6_split11.sparql	stress	5.0	0.0	0.0	5.9110779939999984
S6/S6_split11.sparql	warmup	1.0	0.0	0.0	1.592953686
S6/S6_split12.sparql	stress	5.0	0.0	0.0	14.090512472
S6/S6_split12.sparql	warmup	1.0	0.0	0.0	16.675353937
S6/S6_split13.sparql	stress	5.0	0.0	0.0	5.0929917750000016
S6/S6_split13.sparql	warmup	1.0	0.0	0.0	0.129927561
S6/S6_split14.sparql	stress	5.0	0.0	0.0	23.468071936999998
S6/S6_split14.sparql	warmup	1.0	0.0	0.0	8.788104572
S6/S6_split15.sparql	stress	5.0	0.0	0.0	8.359564438
S6/S6_split15.sparql	warmup	1.0	0.0	0.0	2.891770031
S6/S6_split16.sparql	stress	5.0	0.0	0.0	16.594252917000002
S6/S6_split16.sparql	warmup	1.0	0.0	0.0	9.342336792000001
S6/S6_split17.sparql	stress	5.0	0.0	0.0	19.179965992
S6/S6_split17.sparql	warmup	1.0	0.0	0.0	8.531988971999999
S6/S6_split18.sparql	stress	5.0	0.0	0.0	18.433158341
S6/S6_split18.sparql	warmup	1.0	0.0	0.0	6.117450065
S6/S6_split19.sparql	stress	5.0	0.0	0.0	6.218975839
S6/S6_split19.sparql	warmup	1.0	0.0	0.0	1.773757149
S6/S6_split2.sparql	stress	5.0	0.0	0.0	7.418860248
S6/S6_split2.sparql	warmup	1.0	0.0	0.0	3.599735363
S6/S6_split3.sparql	stress	5.0	0.0	0.0	5.060153015
S6/S6_split3.sparql	warmup	1.0	0.0	0.0	0.5161623879999999
S6/S6_split4.sparql	stress	5.0	0.0	0.0	16.161714651
S6/S6_split4.sparql	warmup	1.0	0.0	0.0	8.14014332
S6/S6_split5.sparql	stress	5.0	0.0	0.0	6.16678545
S6/S6_split5.sparql	warmup	1.0	0.0	0.0	3.000191978
S6/S6_split6.sparql	stress	5.0	0.0	0.0	7.12301647
S6/S6_split6.sparql	warmup	1.0	0.0	0.0	3.162093796
S6/S6_split7.sparql	stress	5.0	0.0	0.0	6.8435757960000005
S6/S6_split7.sparql	warmup	1.0	0.0	0.0	3.2626897990000003
S6/S6_split8.sparql	stress	5.0	0.0	0.0	16.54592314
S6/S6_split8.sparql	warmup	1.0	0.0	0.0	9.538949831
S6/S6_split9.sparql	stress	5.0	0.0	0.0	5.28350216
S6/S6_split9.sparql	warmup	1.0	0.0	0.0	2.687002005
S7/S7_split0.sparql	stress	5.0	0.0	0.0	0.353211459
S7/S7_split0.sparql	warmup	1.0	0.0	0.0	0.141347064
S7/S7_split1.sparql	stress	5.0	0.0	0.0	0.300147067
S7/S7_split1.sparql	warmup	1.0	0.0	0.0	0.123370836
S7/S7_split10.sparql	stress	5.0	0.0	0.0	0.250901033
S7/S7_split10.sparql	warmup	1.0	0.0	0.0	0.127997495
S7/S7_split11.sparql	stress	5.0	0.0	0.0	0.244335922
S7/S7_split11.sparql	warmup	1.0	0.0	0.0	0.13740297099999998
S7/S7_split12.sparql	stress	5.0	0.0	0.0	0.296666188
S7/S7_split12.sparql	warmup	1.0	0.0	0.0	0.13600620900000002
S7/S7_split13.sparql	stress	5.0	0.0	0.0	0.295398461
S7/S7_split13.sparql	warmup	1.0	0.0	0.0	0.12714662
S7/S7_split14.sparql	stress	5.0	0.0	0.0	0.23001953
S7/S7_split14.sparql	warmup	1.0	0.0	0.0	0.127443748
S7/S7_split15.sparql	stress	5.0	0.0	0.0	0.496711467
S7/S7_split15.sparql	warmup	1.0	0.0	0.0	0.295053715
S7/S7_split16.sparql	stress	5.0	0.0	0.0	0.6247623959999999
S7/S7_split16.sparql	warmup	1.0	0.0	0.0	0.16278462400000002
S7/S7_split17.sparql	stress	5.0	0.0	0.0	0.286304562
S7/S7_split17.sparql	warmup	1.0	0.0	0.0	0.094938692
S7/S7_split18.sparql	stress	5.0	0.0	0.0	0.224560554
S7/S7_split18.sparql	warmup	1.0	0.0	0.0	0.104436817
S7/S7_split19.sparql	stress	5.0	0.0	0.0	0.405235467
S7/S7_split19.sparql	warmup	1.0	0.0	0.0	0.221393835
S7/S7_split2.sparql	stress	5.0	0.0	0.0	0.240921106
S7/S7_split2.sparql	warmup	1.0	0.0	0.0	0.112288617
S7/S7_split3.sparql	stress	5.0	0.0	0.0	0.227593099
S7/S7_split3.sparql	warmup	1.0	0.0	0.0	0.121761379
S7/S7_split4.sparql	stress	5.0	0.0	0.0	0.27580629100000004
S7/S7_split4.sparql	warmup	1.0	0.0	0.0	0.16847097500000002
S7/S7_split5.sparql	stress	5.0	0.0	0.0	0.545504168
S7/S7_split5.sparql	warmup	1.0	0.0	0.0	0.235018693
S7/S7_split6.sparql	stress	5.0	0.0	0.0	0.289832769
S7/S7_split6.sparql	warmup	1.0	0.0	0.0	0.102617203
S7/S7_split7.sparql	stress	5.0	0.0	0.0	0.29510992399999997
S7/S7_split7.sparql	warmup	1.0	0.0	0.0	0.129438966
S7/S7_split8.sparql	stress	5.0	0.0	0.0	0.303106517
S7/S7_split8.sparql	warmup	1.0	0.0	0.0	0.12318916199999999
S7/S7_split9.sparql	stress	5.0	0.0	0.0	0.58096852
S7/S7_split9.sparql	warmup	1.0	0.0	0.0	0.172790219
